is_smell,CountDeclMethod,CountDeclMethodPrivate,CountDeclMethodPublic,CountLine,MaxInheritanceTree,SumCyclomaticStrict
False,0.0,0.0,0.0,7.0,1.0,0.0
False,2.0,1.0,1.0,70.0,1.0,8.0
False,1.0,0.0,1.0,117.0,1.0,17.0
False,1.0,0.0,1.0,39.0,1.0,3.0
False,15.0,1.0,14.0,648.0,1.0,197.0
False,5.0,4.0,1.0,54.0,1.0,9.0
False,19.0,4.0,14.0,419.0,1.0,57.0
False,1.0,0.0,1.0,15.0,1.0,4.0
False,3.0,0.0,3.0,27.0,2.0,4.0
True,54.0,2.0,52.0,337.0,3.0,63.0
False,3.0,0.0,3.0,73.0,1.0,9.0
False,11.0,1.0,8.0,108.0,2.0,16.0
False,4.0,1.0,1.0,17.0,3.0,4.0
False,3.0,0.0,1.0,90.0,1.0,18.0
False,1.0,0.0,1.0,34.0,1.0,5.0
False,4.0,0.0,3.0,66.0,2.0,7.0
False,2.0,0.0,2.0,17.0,4.0,2.0
True,117.0,1.0,116.0,1053.0,4.0,232.0
False,11.0,0.0,11.0,102.0,1.0,28.0
True,25.0,0.0,24.0,121.0,3.0,27.0
False,7.0,0.0,5.0,176.0,3.0,32.0
False,1.0,0.0,0.0,7.0,0.0,0.0
True,10.0,0.0,9.0,109.0,1.0,19.0
False,2.0,0.0,2.0,13.0,1.0,2.0
False,5.0,0.0,4.0,49.0,2.0,5.0
False,15.0,6.0,9.0,147.0,2.0,26.0
False,35.0,33.0,2.0,595.0,1.0,142.0
False,13.0,0.0,13.0,96.0,1.0,22.0
False,6.0,0.0,0.0,35.0,0.0,0.0
True,0.0,0.0,0.0,4.0,1.0,0.0
False,4.0,0.0,0.0,34.0,2.0,3.0
True,21.0,0.0,20.0,267.0,2.0,21.0
True,10.0,0.0,10.0,124.0,1.0,10.0
False,29.0,0.0,29.0,210.0,1.0,33.0
False,3.0,2.0,1.0,54.0,1.0,11.0
False,6.0,1.0,4.0,78.0,1.0,10.0
False,5.0,0.0,5.0,45.0,2.0,7.0
False,19.0,0.0,19.0,121.0,2.0,24.0
False,3.0,1.0,2.0,77.0,2.0,9.0
True,9.0,4.0,4.0,548.0,1.0,58.0
False,4.0,0.0,3.0,39.0,3.0,4.0
False,4.0,2.0,1.0,75.0,3.0,11.0
False,0.0,0.0,0.0,2.0,3.0,0.0
True,11.0,0.0,11.0,125.0,2.0,11.0
False,2.0,0.0,2.0,9.0,3.0,3.0
True,6.0,0.0,6.0,37.0,2.0,6.0
False,6.0,0.0,5.0,32.0,4.0,6.0
False,2.0,0.0,1.0,16.0,2.0,2.0
False,6.0,1.0,3.0,213.0,4.0,39.0
False,19.0,9.0,8.0,390.0,2.0,94.0
False,1.0,0.0,1.0,48.0,2.0,6.0
False,1.0,0.0,1.0,55.0,2.0,13.0
False,1.0,0.0,1.0,34.0,2.0,6.0
False,1.0,0.0,1.0,37.0,2.0,6.0
False,8.0,0.0,8.0,69.0,3.0,0.0
False,23.0,9.0,6.0,480.0,1.0,78.0
True,26.0,0.0,26.0,124.0,1.0,28.0
False,5.0,0.0,0.0,14.0,1.0,0.0
False,8.0,1.0,7.0,359.0,3.0,79.0
False,6.0,0.0,6.0,93.0,3.0,11.0
False,42.0,0.0,4.0,122.0,1.0,0.0
False,2.0,0.0,2.0,38.0,3.0,2.0
False,30.0,1.0,28.0,220.0,2.0,33.0
False,4.0,0.0,4.0,56.0,3.0,5.0
True,8.0,0.0,8.0,57.0,3.0,8.0
False,1.0,0.0,1.0,13.0,5.0,1.0
False,5.0,1.0,3.0,37.0,1.0,15.0
False,8.0,0.0,8.0,146.0,2.0,12.0
False,6.0,5.0,1.0,98.0,1.0,16.0
False,4.0,3.0,1.0,75.0,1.0,11.0
False,7.0,3.0,0.0,101.0,2.0,7.0
False,3.0,0.0,3.0,17.0,2.0,3.0
True,4.0,0.0,4.0,46.0,1.0,4.0
False,1.0,0.0,1.0,27.0,4.0,5.0
False,4.0,1.0,3.0,182.0,2.0,16.0
False,3.0,0.0,3.0,101.0,2.0,29.0
False,4.0,0.0,4.0,117.0,2.0,5.0
False,1.0,0.0,0.0,11.0,0.0,0.0
False,11.0,2.0,7.0,260.0,2.0,33.0
False,7.0,2.0,0.0,105.0,1.0,13.0
True,127.0,0.0,127.0,551.0,2.0,129.0
False,14.0,0.0,13.0,236.0,2.0,47.0
False,17.0,0.0,17.0,115.0,2.0,19.0
False,30.0,0.0,30.0,179.0,2.0,32.0
False,33.0,0.0,33.0,175.0,2.0,35.0
True,229.0,1.0,227.0,1389.0,2.0,261.0
False,2.0,0.0,0.0,6.0,0.0,0.0
False,3.0,0.0,0.0,26.0,0.0,0.0
False,7.0,0.0,5.0,73.0,1.0,9.0
False,1.0,0.0,1.0,8.0,4.0,1.0
False,7.0,1.0,6.0,166.0,1.0,28.0
False,8.0,3.0,4.0,419.0,2.0,39.0
False,1.0,0.0,1.0,6.0,4.0,1.0
False,2.0,0.0,2.0,16.0,1.0,2.0
False,5.0,0.0,5.0,22.0,1.0,3.0
False,6.0,1.0,4.0,79.0,1.0,7.0
False,17.0,1.0,16.0,140.0,1.0,30.0
False,2.0,0.0,0.0,24.0,0.0,0.0
False,28.0,4.0,19.0,469.0,1.0,51.0
False,4.0,1.0,3.0,57.0,1.0,6.0
True,7.0,1.0,6.0,93.0,2.0,8.0
False,3.0,0.0,3.0,29.0,3.0,4.0
False,3.0,0.0,3.0,22.0,3.0,3.0
True,11.0,1.0,8.0,232.0,1.0,12.0
False,5.0,0.0,3.0,75.0,1.0,5.0
False,4.0,1.0,3.0,979.0,1.0,8.0
False,17.0,4.0,10.0,343.0,2.0,54.0
False,8.0,2.0,6.0,184.0,1.0,26.0
False,12.0,1.0,9.0,189.0,1.0,26.0
False,17.0,1.0,2.0,232.0,1.0,47.0
False,2.0,0.0,2.0,12.0,3.0,2.0
False,48.0,0.0,48.0,562.0,1.0,79.0
False,5.0,1.0,4.0,123.0,1.0,15.0
False,6.0,1.0,3.0,71.0,1.0,9.0
False,8.0,2.0,5.0,117.0,2.0,13.0
False,8.0,0.0,7.0,82.0,4.0,16.0
False,6.0,0.0,0.0,88.0,3.0,6.0
False,4.0,0.0,4.0,54.0,3.0,7.0
False,12.0,2.0,6.0,144.0,1.0,18.0
False,3.0,0.0,3.0,61.0,1.0,5.0
False,3.0,2.0,0.0,49.0,1.0,9.0
False,2.0,0.0,2.0,36.0,1.0,2.0
False,1.0,0.0,1.0,22.0,2.0,2.0
False,7.0,0.0,4.0,36.0,4.0,5.0
False,9.0,0.0,4.0,161.0,4.0,18.0
False,3.0,0.0,3.0,29.0,1.0,3.0
False,3.0,0.0,3.0,30.0,5.0,3.0
False,4.0,0.0,4.0,41.0,5.0,5.0
False,2.0,0.0,2.0,29.0,2.0,2.0
False,5.0,0.0,5.0,26.0,2.0,4.0
False,4.0,1.0,1.0,41.0,1.0,4.0
False,2.0,0.0,1.0,7.0,2.0,2.0
False,1.0,0.0,1.0,16.0,1.0,1.0
False,2.0,0.0,2.0,17.0,3.0,2.0
False,1.0,0.0,1.0,238.0,3.0,1.0
False,28.0,4.0,23.0,289.0,2.0,48.0
False,1.0,0.0,0.0,34.0,1.0,1.0
False,10.0,0.0,7.0,61.0,2.0,12.0
False,18.0,1.0,7.0,265.0,2.0,65.0
False,2.0,1.0,1.0,64.0,1.0,2.0
False,15.0,2.0,5.0,486.0,1.0,54.0
False,4.0,1.0,3.0,77.0,2.0,4.0
False,2.0,0.0,2.0,39.0,2.0,3.0
False,2.0,0.0,2.0,14.0,1.0,2.0
False,2.0,0.0,2.0,14.0,1.0,2.0
False,2.0,0.0,2.0,30.0,2.0,2.0
False,2.0,1.0,1.0,23.0,1.0,2.0
False,4.0,0.0,0.0,41.0,0.0,0.0
False,4.0,0.0,4.0,45.0,1.0,6.0
False,8.0,7.0,1.0,518.0,2.0,10.0
False,21.0,1.0,20.0,320.0,1.0,37.0
False,2.0,0.0,1.0,61.0,2.0,2.0
False,1.0,0.0,1.0,11.0,1.0,1.0
False,1.0,0.0,1.0,26.0,1.0,1.0
False,1.0,0.0,1.0,10.0,1.0,1.0
False,18.0,0.0,18.0,144.0,1.0,26.0
False,4.0,0.0,0.0,13.0,1.0,0.0
False,9.0,2.0,7.0,92.0,1.0,11.0
False,9.0,1.0,0.0,146.0,1.0,18.0
False,5.0,1.0,4.0,44.0,6.0,5.0
True,15.0,0.0,15.0,282.0,2.0,38.0
False,2.0,0.0,2.0,34.0,1.0,4.0
False,3.0,1.0,2.0,41.0,1.0,11.0
False,3.0,0.0,1.0,242.0,3.0,51.0
False,2.0,0.0,2.0,14.0,2.0,3.0
False,2.0,0.0,2.0,15.0,1.0,3.0
False,1.0,0.0,1.0,42.0,1.0,12.0
True,6.0,0.0,3.0,84.0,3.0,7.0
False,2.0,0.0,1.0,13.0,1.0,2.0
False,4.0,0.0,0.0,47.0,1.0,9.0
False,9.0,8.0,0.0,456.0,1.0,100.0
False,4.0,2.0,2.0,150.0,2.0,26.0
False,5.0,2.0,3.0,154.0,1.0,8.0
False,0.0,0.0,0.0,36.0,1.0,0.0
True,41.0,16.0,25.0,792.0,1.0,121.0
False,3.0,0.0,0.0,30.0,1.0,5.0
False,19.0,0.0,17.0,175.0,1.0,39.0
False,9.0,0.0,9.0,71.0,1.0,9.0
False,2.0,0.0,2.0,22.0,2.0,3.0
False,10.0,0.0,0.0,87.0,0.0,0.0
False,2.0,0.0,2.0,12.0,1.0,2.0
False,3.0,0.0,1.0,20.0,3.0,5.0
False,5.0,0.0,5.0,31.0,1.0,8.0
False,4.0,0.0,2.0,26.0,3.0,4.0
False,2.0,0.0,2.0,29.0,1.0,3.0
False,10.0,0.0,10.0,117.0,1.0,14.0
False,1.0,0.0,0.0,37.0,2.0,1.0
False,7.0,0.0,7.0,80.0,0.0,0.0
False,1.0,0.0,1.0,15.0,3.0,1.0
False,17.0,0.0,17.0,164.0,2.0,21.0
False,14.0,3.0,11.0,332.0,1.0,36.0
True,3.0,0.0,3.0,28.0,2.0,3.0
True,5.0,0.0,4.0,43.0,1.0,8.0
False,2.0,0.0,2.0,19.0,1.0,3.0
False,2.0,0.0,2.0,26.0,2.0,2.0
False,9.0,1.0,8.0,150.0,2.0,24.0
False,17.0,6.0,11.0,214.0,1.0,36.0
False,2.0,0.0,1.0,24.0,2.0,4.0
True,8.0,0.0,8.0,79.0,1.0,8.0
False,2.0,0.0,2.0,14.0,1.0,2.0
False,2.0,0.0,2.0,14.0,1.0,2.0
False,6.0,0.0,6.0,32.0,1.0,6.0
False,5.0,0.0,5.0,120.0,1.0,25.0
True,6.0,0.0,6.0,58.0,1.0,6.0
True,6.0,0.0,6.0,52.0,1.0,6.0
True,36.0,2.0,26.0,411.0,2.0,56.0
False,15.0,13.0,2.0,156.0,1.0,29.0
True,5.0,0.0,5.0,35.0,1.0,5.0
False,15.0,8.0,2.0,348.0,3.0,52.0
False,6.0,0.0,6.0,81.0,2.0,7.0
False,4.0,1.0,3.0,171.0,1.0,8.0
False,2.0,0.0,0.0,40.0,2.0,9.0
False,1.0,0.0,1.0,16.0,4.0,2.0
False,2.0,0.0,2.0,13.0,1.0,2.0
False,7.0,0.0,7.0,44.0,1.0,7.0
False,0.0,0.0,0.0,4.0,1.0,0.0
False,3.0,0.0,3.0,46.0,2.0,5.0
False,7.0,0.0,7.0,81.0,1.0,10.0
False,1.0,0.0,1.0,27.0,1.0,4.0
False,7.0,5.0,2.0,226.0,1.0,25.0
True,2.0,0.0,1.0,20.0,1.0,2.0
False,4.0,0.0,4.0,138.0,2.0,21.0
True,4.0,0.0,4.0,31.0,1.0,5.0
True,4.0,0.0,4.0,27.0,1.0,4.0
False,3.0,0.0,3.0,17.0,2.0,3.0
False,1.0,0.0,1.0,7.0,1.0,1.0
False,5.0,0.0,4.0,57.0,4.0,7.0
False,1.0,0.0,1.0,14.0,4.0,2.0
False,3.0,0.0,3.0,11.0,0.0,0.0
False,10.0,3.0,7.0,365.0,2.0,12.0
False,11.0,1.0,7.0,246.0,2.0,32.0
False,8.0,0.0,6.0,166.0,6.0,24.0
True,14.0,0.0,14.0,203.0,1.0,16.0
True,3.0,0.0,3.0,37.0,3.0,3.0
False,1.0,0.0,1.0,6.0,1.0,0.0
False,24.0,21.0,3.0,506.0,1.0,121.0
True,1.0,1.0,0.0,29.0,2.0,1.0
False,2.0,0.0,2.0,28.0,3.0,2.0
False,2.0,1.0,1.0,33.0,1.0,3.0
False,3.0,0.0,3.0,26.0,0.0,0.0
False,10.0,0.0,10.0,88.0,1.0,13.0
True,9.0,0.0,9.0,138.0,1.0,15.0
False,9.0,0.0,9.0,52.0,1.0,9.0
False,1.0,0.0,1.0,79.0,1.0,21.0
False,2.0,0.0,2.0,234.0,2.0,2.0
False,3.0,0.0,3.0,45.0,1.0,3.0
False,122.0,0.0,0.0,2551.0,2.0,0.0
False,9.0,0.0,9.0,96.0,1.0,9.0
False,3.0,0.0,3.0,28.0,1.0,3.0
False,3.0,0.0,3.0,42.0,1.0,3.0
False,4.0,0.0,2.0,90.0,2.0,5.0
False,1.0,0.0,1.0,11.0,1.0,1.0
False,1.0,0.0,1.0,13.0,1.0,1.0
False,5.0,0.0,3.0,154.0,1.0,6.0
False,3.0,0.0,3.0,44.0,1.0,3.0
False,2.0,1.0,1.0,31.0,3.0,2.0
False,3.0,0.0,3.0,133.0,1.0,6.0
False,0.0,0.0,0.0,81.0,2.0,0.0
False,1.0,0.0,1.0,13.0,1.0,1.0
False,2.0,1.0,1.0,26.0,3.0,3.0
False,11.0,3.0,8.0,267.0,1.0,11.0
False,2.0,1.0,1.0,32.0,1.0,4.0
False,2.0,0.0,1.0,18.0,3.0,2.0
False,2.0,0.0,0.0,18.0,5.0,2.0
False,2.0,1.0,0.0,36.0,1.0,5.0
False,6.0,6.0,0.0,38.0,1.0,6.0
False,3.0,0.0,2.0,17.0,1.0,3.0
False,5.0,0.0,0.0,82.0,2.0,6.0
False,3.0,0.0,3.0,29.0,2.0,3.0
False,2.0,0.0,2.0,58.0,1.0,15.0
False,1.0,0.0,1.0,19.0,1.0,2.0
False,0.0,0.0,0.0,2.0,1.0,0.0
True,2.0,0.0,0.0,27.0,1.0,2.0
False,8.0,3.0,2.0,109.0,1.0,38.0
False,4.0,0.0,4.0,23.0,1.0,4.0
False,7.0,0.0,7.0,27.0,1.0,7.0
False,7.0,4.0,3.0,164.0,1.0,31.0
False,10.0,1.0,9.0,67.0,3.0,14.0
False,3.0,0.0,0.0,13.0,0.0,4.0
False,4.0,0.0,0.0,67.0,2.0,4.0
True,26.0,3.0,20.0,583.0,2.0,55.0
False,4.0,1.0,3.0,102.0,1.0,6.0
False,3.0,1.0,2.0,31.0,6.0,4.0
False,10.0,8.0,2.0,320.0,2.0,57.0
False,2.0,0.0,0.0,31.0,6.0,6.0
False,0.0,0.0,0.0,161.0,1.0,0.0
False,4.0,0.0,4.0,73.0,8.0,4.0
False,8.0,1.0,7.0,65.0,6.0,15.0
False,1.0,0.0,1.0,12.0,4.0,3.0
False,6.0,1.0,0.0,156.0,2.0,9.0
True,4.0,0.0,4.0,23.0,1.0,4.0
False,2.0,1.0,1.0,18.0,1.0,4.0
False,3.0,0.0,2.0,19.0,4.0,3.0
False,4.0,0.0,2.0,36.0,4.0,6.0
False,16.0,6.0,9.0,289.0,2.0,38.0
True,9.0,0.0,8.0,98.0,2.0,9.0
False,27.0,0.0,0.0,285.0,2.0,2.0
False,2.0,0.0,0.0,9.0,1.0,2.0
True,22.0,0.0,21.0,420.0,2.0,45.0
False,4.0,0.0,4.0,46.0,1.0,7.0
False,1.0,0.0,1.0,15.0,2.0,2.0
True,18.0,0.0,18.0,103.0,1.0,18.0
True,8.0,0.0,8.0,43.0,1.0,8.0
False,6.0,2.0,3.0,97.0,1.0,19.0
False,3.0,0.0,1.0,33.0,1.0,6.0
False,4.0,0.0,3.0,33.0,2.0,4.0
False,6.0,2.0,4.0,91.0,1.0,12.0
False,2.0,1.0,0.0,42.0,2.0,6.0
False,3.0,1.0,1.0,36.0,2.0,3.0
True,6.0,0.0,5.0,36.0,3.0,6.0
False,5.0,0.0,3.0,52.0,2.0,8.0
False,12.0,2.0,10.0,174.0,1.0,39.0
True,1.0,0.0,1.0,27.0,1.0,1.0
True,15.0,0.0,15.0,86.0,1.0,15.0
True,28.0,0.0,28.0,149.0,1.0,28.0
False,7.0,1.0,6.0,140.0,1.0,23.0
False,2.0,0.0,2.0,50.0,1.0,10.0
False,3.0,0.0,3.0,38.0,2.0,7.0
False,2.0,0.0,2.0,24.0,2.0,5.0
False,4.0,1.0,3.0,86.0,1.0,9.0
False,6.0,4.0,2.0,154.0,2.0,21.0
False,7.0,6.0,1.0,156.0,1.0,21.0
False,3.0,0.0,1.0,35.0,4.0,7.0
False,3.0,0.0,3.0,60.0,1.0,4.0
True,0.0,0.0,0.0,4.0,1.0,0.0
False,11.0,0.0,10.0,88.0,1.0,8.0
True,0.0,0.0,0.0,13.0,1.0,0.0
False,16.0,0.0,16.0,165.0,2.0,19.0
False,2.0,0.0,1.0,40.0,2.0,8.0
False,10.0,0.0,10.0,200.0,1.0,26.0
False,22.0,1.0,21.0,131.0,1.0,24.0
True,4.0,0.0,4.0,38.0,1.0,4.0
False,1.0,0.0,1.0,11.0,1.0,3.0
False,4.0,0.0,4.0,27.0,1.0,4.0
False,4.0,0.0,4.0,41.0,2.0,4.0
True,3.0,0.0,2.0,19.0,1.0,3.0
True,3.0,0.0,2.0,19.0,1.0,3.0
False,3.0,0.0,2.0,19.0,1.0,3.0
False,3.0,0.0,2.0,19.0,1.0,3.0
True,3.0,0.0,2.0,19.0,1.0,3.0
True,3.0,0.0,2.0,19.0,1.0,3.0
True,3.0,0.0,2.0,19.0,1.0,3.0
True,3.0,0.0,2.0,19.0,1.0,3.0
True,3.0,0.0,2.0,19.0,1.0,3.0
True,3.0,0.0,2.0,19.0,1.0,3.0
False,1.0,0.0,0.0,4.0,2.0,0.0
False,1.0,0.0,0.0,4.0,2.0,0.0
False,1.0,0.0,0.0,4.0,2.0,0.0
False,1.0,0.0,0.0,4.0,2.0,0.0
False,1.0,0.0,0.0,4.0,2.0,0.0
False,1.0,0.0,1.0,4.0,1.0,1.0
False,1.0,0.0,1.0,4.0,1.0,1.0
False,1.0,0.0,1.0,4.0,1.0,1.0
False,1.0,0.0,1.0,4.0,1.0,1.0
False,1.0,0.0,1.0,4.0,1.0,1.0
False,1.0,0.0,1.0,4.0,1.0,1.0
False,4.0,0.0,3.0,67.0,3.0,9.0
False,1.0,0.0,1.0,11.0,3.0,1.0
False,13.0,4.0,1.0,271.0,3.0,60.0
True,43.0,5.0,37.0,685.0,2.0,189.0
False,1.0,1.0,0.0,12.0,2.0,1.0
False,11.0,0.0,11.0,81.0,2.0,19.0
False,2.0,0.0,1.0,77.0,2.0,7.0
False,10.0,0.0,10.0,199.0,2.0,13.0
False,6.0,0.0,0.0,63.0,0.0,0.0
False,5.0,0.0,2.0,234.0,1.0,9.0
False,1.0,0.0,1.0,6.0,4.0,1.0
False,1.0,0.0,1.0,12.0,3.0,1.0
True,4.0,0.0,3.0,123.0,2.0,4.0
False,6.0,4.0,1.0,105.0,1.0,15.0
True,5.0,1.0,4.0,45.0,1.0,11.0
False,1.0,0.0,0.0,42.0,1.0,1.0
False,8.0,1.0,7.0,201.0,2.0,26.0
False,4.0,0.0,4.0,18.0,3.0,4.0
False,0.0,0.0,0.0,34.0,0.0,0.0
False,7.0,0.0,6.0,203.0,2.0,24.0
False,3.0,0.0,3.0,41.0,4.0,3.0
False,11.0,0.0,1.0,122.0,3.0,17.0
True,3.0,0.0,3.0,42.0,1.0,4.0
False,7.0,0.0,7.0,52.0,3.0,17.0
False,3.0,0.0,3.0,15.0,1.0,3.0
False,25.0,0.0,25.0,211.0,3.0,31.0
False,22.0,2.0,0.0,434.0,3.0,87.0
False,63.0,12.0,46.0,1679.0,1.0,149.0
False,5.0,0.0,5.0,89.0,1.0,6.0
False,1.0,1.0,0.0,56.0,1.0,1.0
False,7.0,0.0,0.0,77.0,0.0,0.0
False,3.0,0.0,0.0,12.0,0.0,1.0
False,57.0,0.0,57.0,434.0,1.0,2.0
True,8.0,0.0,8.0,110.0,2.0,12.0
True,7.0,0.0,7.0,79.0,1.0,9.0
True,5.0,0.0,5.0,61.0,1.0,7.0
False,1.0,0.0,0.0,30.0,2.0,1.0
False,5.0,0.0,5.0,66.0,1.0,8.0
False,5.0,0.0,5.0,60.0,1.0,7.0
False,5.0,0.0,5.0,48.0,1.0,5.0
True,17.0,0.0,17.0,179.0,1.0,21.0
True,13.0,0.0,13.0,138.0,1.0,17.0
False,7.0,0.0,7.0,79.0,1.0,9.0
False,13.0,0.0,13.0,392.0,3.0,13.0
True,9.0,0.0,9.0,83.0,1.0,9.0
False,30.0,0.0,30.0,235.0,1.0,65.0
False,4.0,0.0,0.0,18.0,0.0,0.0
False,1.0,0.0,1.0,231.0,2.0,52.0
False,3.0,0.0,3.0,41.0,1.0,4.0
False,2.0,0.0,1.0,12.0,2.0,2.0
True,3.0,0.0,1.0,21.0,1.0,2.0
False,2.0,0.0,0.0,6.0,0.0,0.0
False,13.0,2.0,11.0,240.0,2.0,46.0
True,11.0,0.0,10.0,74.0,1.0,13.0
False,3.0,0.0,3.0,24.0,2.0,3.0
False,7.0,1.0,4.0,183.0,1.0,41.0
True,8.0,0.0,8.0,40.0,1.0,8.0
False,3.0,0.0,3.0,27.0,2.0,4.0
False,5.0,0.0,3.0,32.0,2.0,8.0
False,1.0,0.0,1.0,50.0,1.0,8.0
False,3.0,0.0,3.0,27.0,2.0,4.0
False,5.0,0.0,3.0,32.0,2.0,8.0
False,5.0,0.0,3.0,30.0,2.0,7.0
False,3.0,1.0,2.0,51.0,1.0,9.0
False,1.0,0.0,0.0,4.0,0.0,0.0
False,0.0,0.0,0.0,16.0,1.0,0.0
False,53.0,10.0,41.0,1031.0,1.0,167.0
False,3.0,0.0,3.0,29.0,1.0,6.0
False,8.0,4.0,4.0,59.0,2.0,12.0
False,6.0,0.0,6.0,81.0,1.0,18.0
False,1.0,0.0,1.0,126.0,1.0,16.0
False,0.0,0.0,0.0,3.0,2.0,0.0
True,2.0,0.0,2.0,98.0,2.0,33.0
True,3.0,0.0,3.0,18.0,1.0,3.0
False,14.0,1.0,13.0,167.0,1.0,19.0
True,10.0,0.0,10.0,67.0,2.0,10.0
False,50.0,8.0,41.0,783.0,2.0,147.0
False,2.0,0.0,1.0,40.0,1.0,2.0
True,9.0,0.0,9.0,92.0,1.0,10.0
False,18.0,0.0,18.0,101.0,3.0,21.0
True,13.0,0.0,0.0,37.0,0.0,0.0
True,7.0,0.0,7.0,96.0,3.0,9.0
False,7.0,0.0,7.0,117.0,4.0,7.0
False,3.0,0.0,0.0,64.0,1.0,6.0
False,5.0,0.0,4.0,71.0,2.0,5.0
False,5.0,0.0,4.0,71.0,2.0,5.0
False,4.0,0.0,3.0,29.0,2.0,8.0
False,10.0,0.0,10.0,113.0,1.0,17.0
False,4.0,0.0,3.0,23.0,2.0,5.0
True,5.0,0.0,5.0,23.0,1.0,5.0
False,1.0,0.0,1.0,35.0,1.0,1.0
False,5.0,0.0,5.0,51.0,1.0,13.0
False,2.0,1.0,1.0,34.0,1.0,3.0
False,6.0,2.0,4.0,119.0,1.0,15.0
True,2.0,0.0,0.0,21.0,0.0,0.0
False,6.0,0.0,6.0,86.0,1.0,10.0
False,4.0,1.0,3.0,99.0,1.0,8.0
False,7.0,0.0,7.0,43.0,1.0,7.0
True,35.0,0.0,35.0,283.0,1.0,41.0
False,3.0,0.0,3.0,41.0,2.0,3.0
False,1.0,0.0,1.0,24.0,1.0,3.0
False,2.0,0.0,2.0,48.0,1.0,2.0
True,6.0,0.0,6.0,100.0,2.0,7.0
True,4.0,0.0,4.0,56.0,2.0,4.0
True,19.0,1.0,15.0,272.0,1.0,34.0
False,2.0,0.0,2.0,99.0,4.0,5.0
False,1.0,0.0,1.0,54.0,2.0,0.0
True,6.0,0.0,6.0,46.0,2.0,6.0
False,14.0,1.0,13.0,207.0,2.0,20.0
False,9.0,0.0,0.0,72.0,0.0,5.0
True,2.0,0.0,2.0,19.0,2.0,2.0
False,13.0,0.0,13.0,94.0,1.0,16.0
False,9.0,2.0,6.0,280.0,2.0,30.0
False,0.0,0.0,0.0,20.0,2.0,0.0
False,9.0,1.0,4.0,151.0,2.0,13.0
False,4.0,0.0,3.0,56.0,2.0,11.0
True,8.0,0.0,8.0,44.0,1.0,8.0
False,1.0,0.0,0.0,27.0,1.0,1.0
False,2.0,0.0,2.0,5.0,0.0,0.0
False,8.0,0.0,8.0,45.0,1.0,9.0
False,4.0,1.0,3.0,42.0,1.0,4.0
False,2.0,0.0,1.0,34.0,1.0,3.0
False,2.0,0.0,2.0,14.0,1.0,2.0
False,3.0,0.0,3.0,58.0,1.0,6.0
False,11.0,0.0,11.0,208.0,1.0,28.0
False,8.0,0.0,8.0,76.0,1.0,14.0
False,4.0,0.0,4.0,36.0,1.0,5.0
False,31.0,14.0,17.0,248.0,2.0,45.0
False,8.0,0.0,3.0,50.0,3.0,8.0
False,2.0,0.0,2.0,30.0,3.0,2.0
False,2.0,0.0,2.0,73.0,3.0,2.0
False,11.0,7.0,3.0,266.0,1.0,46.0
False,6.0,0.0,0.0,50.0,0.0,0.0
False,3.0,0.0,3.0,38.0,1.0,3.0
False,3.0,0.0,3.0,20.0,1.0,3.0
True,10.0,1.0,9.0,74.0,1.0,12.0
False,5.0,0.0,4.0,91.0,1.0,16.0
False,3.0,0.0,3.0,37.0,1.0,4.0
False,1.0,0.0,1.0,21.0,1.0,2.0
False,7.0,3.0,3.0,248.0,1.0,14.0
False,2.0,0.0,0.0,5.0,0.0,0.0
True,7.0,0.0,7.0,41.0,1.0,12.0
False,2.0,1.0,1.0,12.0,1.0,2.0
False,4.0,0.0,4.0,58.0,1.0,5.0
False,3.0,0.0,3.0,52.0,1.0,8.0
False,7.0,0.0,7.0,75.0,4.0,7.0
False,5.0,0.0,3.0,46.0,10.0,5.0
False,12.0,0.0,12.0,280.0,2.0,40.0
True,3.0,0.0,3.0,50.0,1.0,3.0
False,1.0,0.0,0.0,16.0,2.0,1.0
False,1.0,0.0,1.0,25.0,2.0,5.0
False,3.0,1.0,2.0,43.0,1.0,5.0
False,5.0,2.0,3.0,113.0,1.0,6.0
False,8.0,1.0,6.0,58.0,3.0,10.0
False,3.0,0.0,3.0,41.0,1.0,5.0
False,5.0,2.0,3.0,91.0,1.0,11.0
False,2.0,0.0,2.0,33.0,3.0,3.0
False,4.0,1.0,2.0,203.0,1.0,4.0
False,2.0,0.0,2.0,15.0,1.0,2.0
False,2.0,0.0,2.0,13.0,1.0,2.0
False,10.0,1.0,9.0,145.0,1.0,19.0
False,1.0,0.0,1.0,7.0,2.0,1.0
False,3.0,0.0,3.0,22.0,2.0,3.0
False,4.0,0.0,4.0,61.0,1.0,10.0
False,7.0,0.0,0.0,15.0,1.0,0.0
True,4.0,0.0,3.0,36.0,2.0,4.0
False,39.0,27.0,10.0,1837.0,1.0,193.0
False,3.0,0.0,1.0,22.0,1.0,3.0
False,11.0,1.0,1.0,79.0,2.0,13.0
False,7.0,0.0,0.0,55.0,1.0,0.0
False,2.0,0.0,2.0,42.0,1.0,4.0
False,15.0,0.0,2.0,158.0,1.0,16.0
False,27.0,3.0,11.0,644.0,1.0,54.0
False,5.0,0.0,0.0,40.0,0.0,0.0
False,3.0,0.0,1.0,47.0,0.0,2.0
False,2.0,0.0,2.0,44.0,1.0,6.0
False,6.0,0.0,0.0,58.0,2.0,0.0
False,55.0,17.0,19.0,2298.0,2.0,182.0
False,3.0,0.0,0.0,29.0,0.0,0.0
False,6.0,0.0,0.0,15.0,0.0,0.0
False,2.0,0.0,1.0,31.0,2.0,2.0
False,18.0,0.0,3.0,630.0,4.0,88.0
False,6.0,0.0,5.0,144.0,3.0,11.0
False,6.0,1.0,5.0,65.0,1.0,7.0
False,21.0,1.0,14.0,189.0,1.0,38.0
True,8.0,0.0,8.0,40.0,2.0,9.0
False,8.0,0.0,5.0,209.0,2.0,16.0
False,2.0,1.0,1.0,16.0,1.0,3.0
False,9.0,1.0,7.0,137.0,2.0,25.0
False,18.0,0.0,18.0,224.0,1.0,18.0
False,4.0,0.0,3.0,73.0,1.0,7.0
False,6.0,0.0,2.0,30.0,2.0,9.0
False,3.0,0.0,3.0,14.0,3.0,3.0
False,17.0,0.0,17.0,437.0,1.0,32.0
False,26.0,12.0,14.0,384.0,1.0,26.0
False,1.0,0.0,1.0,566.0,1.0,38.0
False,1.0,0.0,0.0,13.0,3.0,1.0
False,2.0,0.0,2.0,25.0,2.0,2.0
False,3.0,0.0,2.0,16.0,3.0,3.0
False,2.0,1.0,1.0,20.0,4.0,4.0
True,5.0,0.0,5.0,46.0,1.0,6.0
False,1.0,0.0,1.0,18.0,1.0,1.0
False,1.0,0.0,1.0,22.0,1.0,3.0
False,55.0,4.0,51.0,1102.0,1.0,139.0
False,1.0,0.0,1.0,35.0,2.0,4.0
False,11.0,0.0,10.0,94.0,3.0,19.0
False,2.0,1.0,1.0,10.0,1.0,2.0
False,2.0,1.0,1.0,21.0,1.0,3.0
False,1.0,0.0,1.0,73.0,1.0,8.0
False,1.0,0.0,1.0,5.0,3.0,1.0
True,56.0,0.0,56.0,384.0,1.0,59.0
False,1.0,0.0,1.0,73.0,1.0,8.0
True,18.0,3.0,14.0,156.0,3.0,43.0
True,14.0,0.0,14.0,69.0,2.0,14.0
False,3.0,0.0,3.0,50.0,1.0,4.0
False,2.0,0.0,2.0,70.0,2.0,9.0
True,30.0,0.0,30.0,164.0,1.0,30.0
False,1.0,0.0,0.0,4.0,0.0,0.0
False,6.0,0.0,4.0,142.0,2.0,19.0
True,38.0,0.0,38.0,183.0,1.0,38.0
False,54.0,1.0,51.0,440.0,3.0,80.0
False,7.0,0.0,7.0,38.0,1.0,7.0
False,6.0,0.0,6.0,57.0,1.0,10.0
False,11.0,0.0,8.0,91.0,3.0,19.0
False,1.0,0.0,1.0,13.0,1.0,1.0
False,2.0,0.0,2.0,36.0,3.0,8.0
True,15.0,2.0,13.0,123.0,1.0,28.0
False,13.0,0.0,13.0,119.0,4.0,26.0
False,3.0,0.0,3.0,24.0,2.0,3.0
True,4.0,0.0,4.0,29.0,1.0,4.0
False,1.0,0.0,0.0,5.0,2.0,1.0
True,58.0,0.0,58.0,565.0,1.0,58.0
True,6.0,0.0,6.0,38.0,1.0,6.0
False,2.0,0.0,2.0,18.0,1.0,3.0
False,10.0,1.0,9.0,269.0,1.0,67.0
False,20.0,12.0,8.0,260.0,1.0,58.0
False,4.0,0.0,3.0,29.0,3.0,4.0
False,0.0,0.0,0.0,3.0,0.0,0.0
False,11.0,1.0,10.0,94.0,1.0,16.0
False,13.0,2.0,10.0,146.0,2.0,34.0
True,6.0,1.0,5.0,48.0,1.0,7.0
False,21.0,17.0,4.0,567.0,1.0,94.0
False,6.0,0.0,5.0,114.0,2.0,9.0
False,1.0,1.0,0.0,13.0,1.0,1.0
False,7.0,0.0,7.0,77.0,0.0,0.0
False,4.0,0.0,0.0,29.0,0.0,0.0
False,3.0,0.0,3.0,55.0,1.0,9.0
False,10.0,0.0,5.0,89.0,2.0,11.0
False,1.0,0.0,1.0,23.0,2.0,3.0
False,3.0,0.0,3.0,21.0,1.0,7.0
False,1.0,0.0,1.0,9.0,3.0,1.0
False,2.0,0.0,2.0,33.0,1.0,6.0
False,1.0,0.0,1.0,34.0,1.0,3.0
False,2.0,0.0,2.0,57.0,1.0,2.0
False,4.0,0.0,4.0,90.0,2.0,4.0
False,4.0,0.0,4.0,53.0,2.0,4.0
False,8.0,0.0,2.0,89.0,1.0,14.0
False,1.0,0.0,1.0,28.0,2.0,1.0
False,8.0,0.0,5.0,64.0,3.0,8.0
False,7.0,0.0,6.0,74.0,3.0,8.0
False,2.0,0.0,2.0,48.0,2.0,9.0
False,4.0,0.0,4.0,50.0,2.0,7.0
False,3.0,0.0,3.0,58.0,1.0,6.0
False,4.0,0.0,4.0,46.0,1.0,9.0
False,5.0,0.0,0.0,13.0,0.0,0.0
False,7.0,5.0,1.0,348.0,2.0,62.0
False,2.0,0.0,2.0,24.0,2.0,3.0
True,7.0,0.0,7.0,48.0,2.0,8.0
False,4.0,2.0,2.0,74.0,1.0,9.0
False,3.0,2.0,1.0,163.0,2.0,16.0
True,8.0,0.0,8.0,71.0,3.0,9.0
False,7.0,1.0,6.0,69.0,3.0,8.0
False,3.0,0.0,3.0,43.0,2.0,5.0
False,9.0,0.0,9.0,85.0,3.0,13.0
True,18.0,0.0,18.0,179.0,4.0,29.0
True,12.0,0.0,12.0,107.0,3.0,16.0
True,2.0,0.0,2.0,13.0,2.0,2.0
False,13.0,0.0,0.0,29.0,1.0,0.0
False,38.0,0.0,38.0,233.0,1.0,38.0
False,2.0,0.0,2.0,135.0,5.0,13.0
False,8.0,0.0,6.0,156.0,2.0,29.0
False,3.0,0.0,3.0,43.0,3.0,4.0
False,2.0,0.0,2.0,18.0,3.0,2.0
False,4.0,0.0,4.0,51.0,1.0,7.0
False,3.0,0.0,2.0,47.0,2.0,4.0
False,4.0,0.0,4.0,34.0,4.0,5.0
False,3.0,0.0,3.0,27.0,1.0,4.0
False,4.0,0.0,4.0,135.0,5.0,11.0
False,2.0,0.0,2.0,21.0,1.0,2.0
False,4.0,0.0,3.0,53.0,1.0,6.0
False,6.0,3.0,1.0,135.0,1.0,25.0
False,30.0,1.0,29.0,496.0,1.0,30.0
True,11.0,0.0,10.0,124.0,1.0,11.0
False,5.0,0.0,5.0,51.0,4.0,6.0
True,14.0,0.0,11.0,228.0,1.0,18.0
False,2.0,1.0,1.0,29.0,1.0,2.0
True,10.0,3.0,5.0,228.0,3.0,11.0
False,1.0,0.0,1.0,27.0,1.0,3.0
False,6.0,0.0,6.0,138.0,1.0,8.0
False,2.0,0.0,1.0,63.0,2.0,12.0
False,6.0,0.0,0.0,75.0,2.0,0.0
False,11.0,0.0,1.0,317.0,2.0,26.0
False,10.0,0.0,8.0,77.0,2.0,17.0
False,2.0,0.0,2.0,27.0,3.0,3.0
False,8.0,0.0,0.0,58.0,0.0,0.0
True,9.0,0.0,9.0,117.0,3.0,9.0
False,2.0,0.0,2.0,236.0,2.0,27.0
False,3.0,0.0,1.0,81.0,2.0,9.0
False,2.0,0.0,0.0,17.0,0.0,0.0
False,5.0,0.0,5.0,84.0,3.0,15.0
True,4.0,0.0,4.0,36.0,3.0,4.0
False,3.0,0.0,3.0,48.0,2.0,5.0
False,3.0,0.0,2.0,29.0,3.0,3.0
False,1.0,0.0,1.0,18.0,3.0,1.0
False,5.0,0.0,4.0,72.0,3.0,5.0
False,7.0,0.0,7.0,109.0,3.0,8.0
False,6.0,0.0,6.0,169.0,2.0,9.0
False,4.0,0.0,3.0,130.0,5.0,13.0
False,1.0,0.0,1.0,8.0,2.0,1.0
False,2.0,0.0,2.0,162.0,1.0,8.0
False,2.0,0.0,1.0,58.0,2.0,3.0
False,8.0,0.0,5.0,90.0,1.0,9.0
False,2.0,0.0,2.0,58.0,2.0,7.0
False,3.0,0.0,0.0,61.0,2.0,7.0
False,1.0,0.0,1.0,11.0,2.0,3.0
False,6.0,1.0,4.0,109.0,1.0,7.0
False,3.0,0.0,2.0,23.0,3.0,4.0
False,7.0,1.0,6.0,122.0,1.0,13.0
False,3.0,0.0,3.0,87.0,3.0,16.0
False,1.0,0.0,1.0,95.0,2.0,10.0
False,2.0,0.0,2.0,178.0,1.0,10.0
False,4.0,0.0,4.0,14.0,0.0,0.0
False,1.0,0.0,1.0,43.0,2.0,9.0
False,4.0,0.0,4.0,75.0,2.0,15.0
False,1.0,0.0,1.0,19.0,1.0,3.0
False,3.0,0.0,0.0,32.0,0.0,2.0
False,3.0,0.0,3.0,45.0,3.0,3.0
True,4.0,0.0,4.0,37.0,1.0,4.0
False,22.0,19.0,3.0,441.0,3.0,100.0
False,25.0,0.0,0.0,77.0,2.0,0.0
False,2.0,1.0,1.0,44.0,1.0,5.0
False,18.0,1.0,17.0,147.0,1.0,36.0
False,2.0,0.0,2.0,60.0,2.0,5.0
False,5.0,2.0,3.0,184.0,2.0,17.0
False,4.0,2.0,2.0,109.0,3.0,21.0
False,5.0,2.0,1.0,89.0,2.0,12.0
False,2.0,0.0,1.0,41.0,2.0,6.0
False,2.0,0.0,2.0,61.0,3.0,7.0
False,6.0,4.0,1.0,200.0,2.0,41.0
False,4.0,0.0,3.0,44.0,3.0,6.0
False,12.0,2.0,5.0,237.0,1.0,34.0
False,2.0,0.0,2.0,29.0,2.0,2.0
False,1.0,0.0,1.0,23.0,1.0,1.0
False,30.0,5.0,9.0,508.0,2.0,60.0
False,9.0,0.0,9.0,131.0,2.0,22.0
False,4.0,0.0,4.0,95.0,1.0,11.0
False,14.0,2.0,12.0,215.0,1.0,29.0
False,3.0,0.0,2.0,174.0,2.0,8.0
False,8.0,0.0,8.0,147.0,3.0,8.0
False,11.0,1.0,9.0,274.0,3.0,26.0
False,2.0,0.0,2.0,42.0,1.0,3.0
False,5.0,0.0,3.0,47.0,2.0,5.0
False,15.0,0.0,15.0,95.0,1.0,23.0
False,6.0,0.0,6.0,50.0,1.0,6.0
False,13.0,2.0,11.0,187.0,2.0,29.0
False,33.0,0.0,32.0,102.0,2.0,61.0
False,2.0,0.0,2.0,56.0,2.0,3.0
False,12.0,0.0,8.0,300.0,3.0,35.0
False,2.0,1.0,1.0,24.0,2.0,2.0
True,21.0,0.0,2.0,466.0,2.0,47.0
False,5.0,0.0,5.0,95.0,1.0,5.0
True,2.0,0.0,1.0,35.0,1.0,2.0
False,7.0,1.0,6.0,139.0,1.0,13.0
False,25.0,10.0,14.0,1195.0,1.0,56.0
False,22.0,14.0,8.0,688.0,1.0,74.0
False,3.0,0.0,0.0,71.0,0.0,0.0
False,6.0,0.0,6.0,38.0,1.0,9.0
False,4.0,0.0,2.0,51.0,1.0,4.0
False,1.0,0.0,1.0,10.0,2.0,2.0
False,2.0,0.0,2.0,37.0,3.0,5.0
False,2.0,0.0,2.0,13.0,1.0,2.0
False,2.0,0.0,2.0,34.0,1.0,4.0
False,2.0,0.0,2.0,12.0,1.0,2.0
False,4.0,1.0,1.0,410.0,1.0,10.0
True,6.0,0.0,6.0,54.0,2.0,8.0
False,4.0,4.0,0.0,308.0,1.0,15.0
False,3.0,0.0,3.0,47.0,2.0,7.0
False,9.0,0.0,9.0,60.0,1.0,15.0
False,4.0,0.0,3.0,28.0,2.0,4.0
True,7.0,1.0,6.0,403.0,1.0,44.0
True,27.0,3.0,24.0,249.0,2.0,43.0
True,3.0,0.0,3.0,30.0,1.0,3.0
False,6.0,0.0,6.0,51.0,1.0,4.0
False,4.0,0.0,4.0,11.0,2.0,0.0
False,7.0,0.0,7.0,53.0,2.0,11.0
False,1.0,0.0,1.0,21.0,2.0,4.0
False,2.0,0.0,2.0,14.0,1.0,3.0
False,11.0,6.0,4.0,541.0,1.0,22.0
True,2.0,0.0,2.0,66.0,1.0,2.0
False,3.0,0.0,3.0,90.0,1.0,8.0
False,4.0,0.0,0.0,28.0,0.0,2.0
False,6.0,2.0,3.0,71.0,1.0,16.0
True,3.0,0.0,3.0,26.0,1.0,3.0
False,11.0,0.0,11.0,109.0,1.0,20.0
False,4.0,2.0,2.0,321.0,1.0,22.0
False,10.0,1.0,8.0,168.0,1.0,29.0
False,2.0,0.0,1.0,17.0,1.0,2.0
False,4.0,0.0,4.0,86.0,1.0,7.0
False,8.0,2.0,6.0,145.0,2.0,12.0
False,9.0,0.0,9.0,76.0,1.0,13.0
False,3.0,0.0,3.0,21.0,1.0,3.0
False,2.0,0.0,2.0,57.0,1.0,9.0
False,40.0,0.0,40.0,227.0,1.0,45.0
True,12.0,0.0,12.0,58.0,1.0,12.0
True,5.0,0.0,5.0,39.0,1.0,8.0
True,2.0,0.0,2.0,13.0,1.0,2.0
False,1.0,0.0,0.0,23.0,1.0,5.0
False,2.0,0.0,2.0,19.0,1.0,2.0
False,11.0,0.0,11.0,53.0,1.0,11.0
False,9.0,1.0,5.0,167.0,1.0,22.0
False,17.0,2.0,15.0,645.0,1.0,44.0
False,6.0,0.0,6.0,40.0,1.0,7.0
False,4.0,0.0,4.0,90.0,2.0,5.0
True,10.0,0.0,10.0,91.0,1.0,10.0
False,26.0,1.0,25.0,266.0,2.0,59.0
False,6.0,2.0,4.0,53.0,1.0,8.0
False,2.0,0.0,2.0,19.0,1.0,2.0
False,3.0,2.0,1.0,97.0,1.0,7.0
True,10.0,4.0,6.0,70.0,3.0,15.0
False,5.0,1.0,4.0,550.0,1.0,43.0
False,6.0,0.0,0.0,49.0,0.0,0.0
False,8.0,0.0,7.0,162.0,2.0,17.0
False,2.0,0.0,2.0,17.0,1.0,2.0
False,6.0,0.0,6.0,90.0,2.0,10.0
False,16.0,4.0,5.0,985.0,1.0,82.0
False,2.0,0.0,2.0,34.0,1.0,2.0
False,2.0,0.0,2.0,38.0,1.0,2.0
False,4.0,2.0,2.0,71.0,2.0,5.0
False,3.0,0.0,0.0,7.0,0.0,0.0
True,8.0,1.0,7.0,75.0,1.0,8.0
False,4.0,1.0,3.0,57.0,1.0,6.0
False,18.0,0.0,18.0,174.0,1.0,26.0
False,3.0,1.0,2.0,43.0,1.0,3.0
False,8.0,1.0,7.0,381.0,1.0,53.0
False,5.0,0.0,0.0,12.0,0.0,0.0
False,2.0,0.0,2.0,33.0,1.0,2.0
False,1.0,1.0,0.0,14.0,1.0,1.0
False,2.0,0.0,2.0,33.0,1.0,2.0
False,4.0,0.0,4.0,28.0,2.0,4.0
False,15.0,1.0,14.0,172.0,2.0,18.0
False,10.0,0.0,10.0,75.0,3.0,10.0
False,3.0,0.0,3.0,22.0,1.0,3.0
False,2.0,0.0,2.0,21.0,2.0,2.0
False,3.0,0.0,2.0,26.0,4.0,3.0
True,10.0,0.0,10.0,67.0,3.0,12.0
False,3.0,0.0,3.0,53.0,2.0,6.0
False,3.0,0.0,3.0,23.0,2.0,3.0
False,5.0,0.0,4.0,77.0,1.0,5.0
False,2.0,0.0,2.0,18.0,1.0,2.0
False,13.0,0.0,13.0,217.0,1.0,26.0
False,8.0,0.0,4.0,251.0,2.0,24.0
False,19.0,2.0,8.0,344.0,3.0,48.0
False,2.0,0.0,2.0,62.0,1.0,2.0
False,3.0,0.0,3.0,18.0,2.0,3.0
False,2.0,0.0,2.0,20.0,2.0,2.0
False,2.0,0.0,1.0,18.0,2.0,2.0
False,4.0,0.0,4.0,65.0,2.0,8.0
False,0.0,0.0,0.0,13.0,3.0,0.0
False,5.0,0.0,5.0,43.0,3.0,5.0
False,1.0,0.0,1.0,17.0,1.0,3.0
False,2.0,0.0,1.0,20.0,3.0,2.0
False,2.0,1.0,0.0,16.0,3.0,2.0
False,3.0,0.0,3.0,71.0,2.0,19.0
False,5.0,0.0,0.0,27.0,2.0,0.0
True,15.0,2.0,9.0,314.0,1.0,33.0
False,2.0,0.0,2.0,24.0,1.0,2.0
False,4.0,0.0,4.0,26.0,1.0,0.0
True,8.0,1.0,7.0,90.0,4.0,13.0
False,14.0,4.0,10.0,214.0,1.0,24.0
False,15.0,0.0,15.0,114.0,1.0,15.0
False,4.0,0.0,4.0,79.0,1.0,11.0
False,1.0,0.0,1.0,9.0,1.0,1.0
False,12.0,10.0,1.0,235.0,3.0,47.0
False,2.0,0.0,2.0,11.0,2.0,2.0
False,2.0,0.0,2.0,11.0,2.0,2.0
False,3.0,0.0,3.0,26.0,2.0,3.0
False,12.0,0.0,12.0,133.0,2.0,12.0
False,6.0,0.0,0.0,14.0,0.0,0.0
True,17.0,0.0,17.0,981.0,1.0,18.0
True,2.0,0.0,2.0,249.0,1.0,4.0
False,16.0,3.0,9.0,229.0,2.0,44.0
False,5.0,1.0,1.0,129.0,1.0,33.0
False,2.0,0.0,2.0,39.0,2.0,6.0
False,7.0,0.0,7.0,35.0,4.0,7.0
True,4.0,0.0,4.0,34.0,4.0,4.0
False,3.0,0.0,3.0,30.0,1.0,8.0
False,26.0,0.0,24.0,329.0,1.0,53.0
False,17.0,1.0,3.0,201.0,3.0,25.0
False,4.0,0.0,4.0,56.0,1.0,4.0
False,5.0,0.0,4.0,42.0,1.0,5.0
True,157.0,3.0,154.0,1610.0,1.0,271.0
False,1.0,0.0,1.0,56.0,2.0,8.0
False,7.0,0.0,7.0,45.0,2.0,8.0
False,9.0,0.0,9.0,97.0,1.0,16.0
False,1.0,0.0,0.0,12.0,2.0,0.0
False,2.0,0.0,1.0,20.0,3.0,2.0
False,3.0,0.0,0.0,24.0,8.0,3.0
False,10.0,0.0,8.0,106.0,1.0,13.0
False,3.0,0.0,3.0,34.0,1.0,4.0
False,4.0,0.0,4.0,57.0,1.0,6.0
False,7.0,0.0,7.0,59.0,2.0,11.0
False,4.0,0.0,4.0,47.0,1.0,7.0
False,3.0,0.0,3.0,101.0,1.0,4.0
False,2.0,0.0,2.0,56.0,2.0,6.0
False,5.0,1.0,4.0,50.0,4.0,6.0
False,1.0,0.0,1.0,21.0,1.0,2.0
False,3.0,0.0,3.0,14.0,1.0,3.0
False,2.0,0.0,2.0,13.0,1.0,2.0
False,9.0,0.0,8.0,125.0,2.0,19.0
False,18.0,0.0,16.0,127.0,2.0,18.0
False,3.0,0.0,1.0,25.0,2.0,3.0
False,48.0,14.0,28.0,1133.0,2.0,124.0
False,4.0,1.0,3.0,187.0,2.0,13.0
False,1.0,0.0,1.0,26.0,2.0,2.0
False,2.0,0.0,1.0,10.0,2.0,3.0
False,2.0,0.0,2.0,33.0,3.0,2.0
False,4.0,0.0,4.0,151.0,1.0,6.0
False,11.0,0.0,11.0,188.0,1.0,27.0
False,21.0,8.0,12.0,911.0,3.0,83.0
False,11.0,0.0,0.0,82.0,0.0,3.0
False,2.0,0.0,2.0,4.0,0.0,0.0
False,3.0,0.0,1.0,51.0,3.0,6.0
False,4.0,2.0,1.0,73.0,1.0,17.0
False,7.0,0.0,6.0,130.0,1.0,11.0
True,28.0,0.0,27.0,203.0,1.0,30.0
False,16.0,2.0,13.0,117.0,1.0,25.0
True,16.0,0.0,16.0,135.0,2.0,16.0
False,40.0,22.0,6.0,830.0,5.0,134.0
False,2.0,0.0,0.0,20.0,4.0,2.0
False,6.0,0.0,0.0,15.0,0.0,0.0
False,3.0,0.0,3.0,27.0,2.0,4.0
False,5.0,0.0,4.0,63.0,2.0,5.0
False,1.0,0.0,0.0,95.0,1.0,2.0
False,2.0,0.0,1.0,25.0,2.0,4.0
True,3.0,0.0,3.0,55.0,2.0,3.0
False,0.0,0.0,0.0,22.0,0.0,0.0
False,1.0,0.0,1.0,26.0,2.0,1.0
False,9.0,1.0,8.0,155.0,3.0,26.0
False,3.0,0.0,3.0,56.0,1.0,6.0
False,5.0,0.0,5.0,30.0,1.0,5.0
False,50.0,0.0,0.0,252.0,2.0,0.0
False,6.0,0.0,6.0,42.0,1.0,9.0
False,2.0,0.0,2.0,37.0,1.0,2.0
False,140.0,12.0,127.0,1888.0,2.0,296.0
False,20.0,4.0,15.0,153.0,2.0,28.0
False,2.0,0.0,2.0,159.0,2.0,33.0
False,2.0,0.0,2.0,61.0,2.0,9.0
False,2.0,0.0,2.0,105.0,2.0,18.0
False,3.0,0.0,3.0,24.0,2.0,4.0
False,4.0,0.0,3.0,23.0,2.0,5.0
False,2.0,0.0,2.0,44.0,2.0,7.0
False,2.0,0.0,2.0,72.0,2.0,13.0
False,1.0,0.0,1.0,5.0,1.0,1.0
False,2.0,0.0,2.0,86.0,2.0,16.0
False,1.0,0.0,1.0,5.0,1.0,1.0
False,2.0,0.0,2.0,70.0,2.0,13.0
False,2.0,0.0,2.0,35.0,2.0,8.0
False,1.0,0.0,1.0,5.0,1.0,1.0
False,1.0,0.0,1.0,5.0,1.0,1.0
False,5.0,4.0,1.0,116.0,1.0,12.0
False,34.0,14.0,14.0,1223.0,2.0,327.0
False,4.0,0.0,3.0,26.0,2.0,4.0
False,4.0,0.0,0.0,10.0,1.0,0.0
False,7.0,0.0,4.0,142.0,2.0,23.0
False,5.0,0.0,5.0,47.0,3.0,5.0
True,7.0,0.0,7.0,75.0,1.0,14.0
True,9.0,0.0,9.0,107.0,1.0,20.0
False,3.0,1.0,0.0,95.0,1.0,19.0
False,4.0,0.0,2.0,32.0,2.0,5.0
False,1.0,0.0,1.0,15.0,2.0,1.0
False,5.0,0.0,5.0,34.0,1.0,8.0
False,9.0,3.0,4.0,301.0,3.0,37.0
False,13.0,0.0,13.0,195.0,1.0,19.0
False,3.0,0.0,3.0,25.0,2.0,4.0
False,2.0,0.0,2.0,13.0,1.0,2.0
True,4.0,0.0,4.0,23.0,1.0,4.0
False,3.0,0.0,3.0,73.0,2.0,5.0
False,4.0,1.0,2.0,56.0,2.0,7.0
False,12.0,0.0,11.0,183.0,4.0,16.0
False,9.0,0.0,9.0,131.0,2.0,18.0
False,5.0,1.0,4.0,31.0,1.0,6.0
True,28.0,2.0,24.0,398.0,1.0,43.0
False,2.0,0.0,2.0,41.0,2.0,3.0
False,5.0,1.0,4.0,109.0,3.0,9.0
True,6.0,0.0,3.0,359.0,2.0,9.0
True,8.0,0.0,8.0,77.0,1.0,10.0
False,38.0,13.0,16.0,551.0,2.0,94.0
False,5.0,1.0,3.0,229.0,2.0,30.0
False,3.0,0.0,3.0,63.0,2.0,3.0
False,4.0,0.0,4.0,113.0,1.0,7.0
False,12.0,0.0,10.0,179.0,1.0,18.0
True,5.0,0.0,5.0,36.0,1.0,5.0
False,4.0,0.0,4.0,57.0,1.0,5.0
False,11.0,1.0,8.0,174.0,2.0,18.0
False,1.0,0.0,1.0,26.0,1.0,1.0
False,16.0,6.0,10.0,115.0,1.0,19.0
False,9.0,0.0,9.0,172.0,1.0,17.0
False,2.0,0.0,2.0,33.0,2.0,2.0
False,2.0,0.0,2.0,34.0,1.0,3.0
False,50.0,0.0,47.0,271.0,3.0,50.0
False,3.0,0.0,3.0,32.0,2.0,3.0
False,1.0,0.0,1.0,21.0,1.0,3.0
False,2.0,0.0,2.0,31.0,3.0,2.0
False,2.0,0.0,2.0,44.0,1.0,3.0
False,5.0,0.0,4.0,113.0,1.0,23.0
False,146.0,0.0,146.0,802.0,2.0,146.0
False,7.0,0.0,0.0,48.0,2.0,0.0
False,5.0,0.0,0.0,68.0,2.0,0.0
False,3.0,1.0,2.0,36.0,1.0,11.0
False,4.0,0.0,3.0,51.0,2.0,4.0
False,2.0,0.0,2.0,36.0,1.0,6.0
False,3.0,0.0,3.0,46.0,2.0,11.0
False,2.0,0.0,2.0,10.0,2.0,2.0
False,2.0,1.0,1.0,114.0,1.0,13.0
False,7.0,0.0,7.0,55.0,1.0,7.0
False,4.0,2.0,1.0,69.0,1.0,6.0
False,1.0,0.0,1.0,7.0,3.0,1.0
False,7.0,0.0,6.0,84.0,1.0,7.0
False,2.0,2.0,0.0,18.0,1.0,4.0
True,3.0,0.0,1.0,28.0,1.0,3.0
False,4.0,0.0,3.0,83.0,1.0,15.0
False,1.0,0.0,1.0,27.0,1.0,5.0
False,1.0,0.0,1.0,5.0,1.0,1.0
False,5.0,0.0,4.0,50.0,2.0,5.0
False,1.0,0.0,1.0,5.0,1.0,1.0
False,2.0,0.0,2.0,44.0,2.0,7.0
False,2.0,0.0,0.0,26.0,2.0,5.0
False,5.0,2.0,2.0,71.0,1.0,17.0
False,3.0,0.0,0.0,9.0,1.0,0.0
False,1.0,0.0,1.0,8.0,2.0,1.0
False,2.0,0.0,2.0,19.0,2.0,2.0
False,8.0,0.0,8.0,100.0,1.0,12.0
False,6.0,0.0,6.0,23.0,0.0,0.0
False,2.0,0.0,2.0,15.0,1.0,2.0
False,3.0,0.0,3.0,20.0,1.0,2.0
False,1.0,0.0,1.0,163.0,1.0,1.0
True,7.0,0.0,6.0,81.0,1.0,7.0
False,4.0,0.0,4.0,87.0,1.0,5.0
False,7.0,0.0,7.0,68.0,3.0,8.0
False,1.0,0.0,1.0,24.0,1.0,6.0
False,4.0,1.0,3.0,52.0,1.0,6.0
False,23.0,0.0,22.0,276.0,5.0,41.0
False,17.0,0.0,6.0,300.0,1.0,56.0
False,15.0,0.0,11.0,185.0,1.0,33.0
False,8.0,0.0,8.0,89.0,3.0,17.0
False,5.0,0.0,2.0,136.0,1.0,12.0
False,18.0,0.0,18.0,100.0,2.0,18.0
False,2.0,0.0,2.0,55.0,1.0,11.0
False,4.0,1.0,3.0,37.0,1.0,5.0
True,7.0,0.0,7.0,78.0,1.0,9.0
False,9.0,0.0,9.0,95.0,1.0,16.0
False,10.0,0.0,8.0,195.0,5.0,27.0
False,6.0,0.0,6.0,45.0,2.0,0.0
False,6.0,0.0,4.0,48.0,2.0,6.0
False,3.0,0.0,2.0,25.0,3.0,3.0
False,11.0,1.0,1.0,167.0,1.0,24.0
False,4.0,0.0,4.0,31.0,1.0,5.0
False,7.0,0.0,2.0,79.0,3.0,14.0
False,2.0,0.0,0.0,37.0,4.0,6.0
False,3.0,0.0,3.0,149.0,1.0,15.0
False,6.0,0.0,5.0,55.0,1.0,6.0
False,4.0,0.0,4.0,21.0,1.0,4.0
False,3.0,1.0,2.0,23.0,5.0,7.0
False,2.0,1.0,1.0,16.0,4.0,4.0
False,2.0,1.0,1.0,17.0,4.0,5.0
False,6.0,0.0,5.0,39.0,3.0,6.0
False,3.0,2.0,1.0,27.0,4.0,7.0
False,2.0,0.0,2.0,15.0,4.0,2.0
False,2.0,0.0,2.0,18.0,3.0,3.0
False,6.0,0.0,6.0,42.0,1.0,7.0
False,2.0,0.0,2.0,21.0,3.0,3.0
True,21.0,0.0,21.0,120.0,2.0,23.0
True,4.0,0.0,4.0,23.0,1.0,4.0
False,3.0,0.0,3.0,46.0,1.0,9.0
False,1.0,0.0,1.0,22.0,2.0,4.0
False,2.0,0.0,0.0,6.0,0.0,0.0
False,23.0,7.0,16.0,189.0,1.0,45.0
False,2.0,0.0,2.0,16.0,1.0,2.0
False,12.0,0.0,12.0,323.0,2.0,21.0
False,2.0,0.0,1.0,11.0,3.0,2.0
False,4.0,4.0,0.0,24.0,1.0,4.0
False,1.0,0.0,1.0,68.0,1.0,12.0
True,8.0,1.0,7.0,119.0,1.0,8.0
False,3.0,0.0,0.0,37.0,0.0,0.0
False,4.0,0.0,4.0,43.0,3.0,4.0
False,10.0,2.0,6.0,119.0,1.0,13.0
False,9.0,1.0,8.0,158.0,1.0,21.0
False,2.0,1.0,1.0,22.0,1.0,3.0
False,6.0,1.0,5.0,57.0,1.0,9.0
False,4.0,1.0,0.0,22.0,1.0,5.0
False,8.0,2.0,6.0,153.0,1.0,13.0
False,4.0,0.0,4.0,49.0,1.0,6.0
False,3.0,1.0,2.0,68.0,1.0,3.0
True,5.0,0.0,5.0,64.0,1.0,5.0
False,5.0,0.0,0.0,62.0,0.0,0.0
True,8.0,1.0,7.0,55.0,1.0,12.0
False,4.0,0.0,3.0,79.0,2.0,12.0
True,15.0,0.0,15.0,117.0,1.0,16.0
False,4.0,0.0,4.0,45.0,2.0,4.0
False,8.0,1.0,2.0,117.0,3.0,10.0
False,4.0,0.0,2.0,42.0,3.0,5.0
False,2.0,0.0,0.0,38.0,1.0,3.0
False,2.0,0.0,2.0,34.0,1.0,2.0
False,31.0,9.0,20.0,323.0,1.0,52.0
False,0.0,0.0,0.0,58.0,0.0,0.0
False,4.0,1.0,3.0,127.0,3.0,20.0
False,18.0,0.0,18.0,119.0,1.0,20.0
False,1.0,0.0,1.0,33.0,1.0,7.0
False,2.0,0.0,1.0,20.0,2.0,5.0
False,20.0,0.0,0.0,135.0,0.0,1.0
False,2.0,0.0,0.0,39.0,3.0,5.0
False,2.0,0.0,2.0,12.0,2.0,2.0
False,18.0,0.0,18.0,144.0,2.0,26.0
False,19.0,11.0,7.0,410.0,3.0,123.0
False,7.0,0.0,3.0,24.0,2.0,7.0
False,29.0,3.0,26.0,146.0,1.0,43.0
True,8.0,0.0,7.0,36.0,3.0,9.0
True,1.0,0.0,1.0,10.0,1.0,1.0
False,10.0,4.0,6.0,201.0,5.0,16.0
False,5.0,0.0,5.0,55.0,2.0,6.0
False,2.0,0.0,1.0,72.0,0.0,5.0
False,1.0,0.0,1.0,28.0,1.0,2.0
False,4.0,0.0,4.0,22.0,2.0,4.0
False,2.0,0.0,2.0,32.0,3.0,3.0
False,8.0,0.0,8.0,88.0,3.0,8.0
False,3.0,1.0,2.0,72.0,2.0,4.0
False,3.0,0.0,3.0,61.0,1.0,4.0
False,2.0,1.0,1.0,72.0,1.0,28.0
False,4.0,1.0,2.0,94.0,1.0,9.0
False,12.0,1.0,11.0,173.0,2.0,31.0
True,6.0,0.0,6.0,41.0,1.0,10.0
False,6.0,0.0,0.0,54.0,0.0,0.0
False,3.0,1.0,1.0,39.0,2.0,5.0
False,1.0,0.0,1.0,69.0,2.0,3.0
False,1.0,0.0,1.0,33.0,1.0,3.0
False,6.0,2.0,3.0,140.0,1.0,14.0
False,18.0,2.0,16.0,350.0,1.0,55.0
False,6.0,1.0,5.0,62.0,2.0,9.0
False,3.0,0.0,2.0,48.0,3.0,5.0
False,0.0,0.0,0.0,40.0,5.0,0.0
False,4.0,1.0,3.0,61.0,4.0,11.0
False,2.0,0.0,2.0,10.0,2.0,2.0
False,9.0,0.0,9.0,107.0,1.0,16.0
False,12.0,4.0,7.0,146.0,1.0,27.0
False,4.0,1.0,1.0,225.0,2.0,10.0
False,3.0,1.0,2.0,47.0,1.0,10.0
False,23.0,15.0,8.0,273.0,1.0,59.0
False,8.0,0.0,8.0,60.0,1.0,12.0
False,47.0,1.0,45.0,402.0,1.0,54.0
False,27.0,2.0,24.0,532.0,1.0,51.0
False,2.0,0.0,0.0,20.0,2.0,0.0
False,1.0,0.0,0.0,8.0,1.0,0.0
False,1.0,0.0,1.0,15.0,1.0,2.0
False,1.0,0.0,1.0,24.0,1.0,3.0
False,13.0,0.0,13.0,132.0,3.0,13.0
False,3.0,0.0,1.0,12.0,1.0,1.0
False,3.0,1.0,2.0,37.0,1.0,8.0
False,2.0,0.0,2.0,16.0,2.0,2.0
True,1.0,0.0,1.0,19.0,1.0,1.0
False,18.0,6.0,9.0,242.0,2.0,33.0
False,3.0,0.0,3.0,74.0,2.0,3.0
False,4.0,0.0,4.0,28.0,0.0,0.0
False,25.0,1.0,7.0,466.0,1.0,36.0
False,3.0,0.0,3.0,29.0,1.0,4.0
False,3.0,0.0,0.0,29.0,2.0,5.0
False,8.0,0.0,7.0,199.0,1.0,7.0
False,1.0,0.0,1.0,29.0,1.0,4.0
False,4.0,0.0,2.0,118.0,1.0,15.0
False,1.0,0.0,1.0,15.0,6.0,1.0
False,3.0,0.0,2.0,23.0,3.0,3.0
False,12.0,0.0,12.0,93.0,1.0,14.0
False,14.0,0.0,14.0,152.0,1.0,19.0
False,8.0,1.0,7.0,74.0,1.0,1.0
False,3.0,0.0,3.0,36.0,2.0,7.0
False,43.0,0.0,25.0,3944.0,3.0,456.0
False,2.0,0.0,2.0,35.0,2.0,2.0
False,5.0,0.0,5.0,28.0,1.0,3.0
True,6.0,0.0,6.0,52.0,1.0,17.0
False,1.0,0.0,1.0,21.0,1.0,1.0
False,4.0,0.0,4.0,60.0,2.0,4.0
False,4.0,0.0,4.0,22.0,3.0,4.0
False,29.0,0.0,28.0,143.0,1.0,29.0
False,1.0,0.0,0.0,4.0,0.0,0.0
False,10.0,1.0,9.0,283.0,1.0,45.0
True,13.0,12.0,1.0,804.0,2.0,66.0
True,14.0,3.0,1.0,507.0,2.0,63.0
False,2.0,0.0,0.0,36.0,2.0,2.0
False,3.0,0.0,3.0,23.0,1.0,3.0
False,1.0,0.0,0.0,38.0,2.0,2.0
False,25.0,2.0,11.0,488.0,2.0,61.0
False,4.0,0.0,4.0,32.0,2.0,4.0
False,12.0,1.0,11.0,117.0,1.0,21.0
False,4.0,0.0,4.0,54.0,1.0,7.0
False,2.0,1.0,1.0,38.0,2.0,2.0
False,7.0,6.0,1.0,153.0,1.0,17.0
False,3.0,0.0,3.0,79.0,2.0,4.0
False,6.0,0.0,6.0,18.0,3.0,8.0
False,3.0,1.0,2.0,124.0,1.0,21.0
False,3.0,0.0,0.0,95.0,6.0,10.0
False,4.0,1.0,3.0,93.0,1.0,24.0
True,13.0,0.0,7.0,93.0,2.0,14.0
False,6.0,1.0,5.0,210.0,1.0,15.0
False,2.0,0.0,0.0,57.0,4.0,6.0
False,3.0,0.0,2.0,82.0,1.0,17.0
False,1.0,0.0,1.0,50.0,2.0,1.0
False,3.0,0.0,3.0,35.0,1.0,5.0
False,4.0,1.0,3.0,89.0,1.0,15.0
False,2.0,0.0,1.0,12.0,3.0,2.0
True,3.0,0.0,3.0,19.0,2.0,3.0
False,12.0,0.0,12.0,92.0,2.0,17.0
False,14.0,0.0,14.0,79.0,1.0,14.0
False,3.0,0.0,2.0,127.0,1.0,12.0
False,1.0,0.0,1.0,20.0,1.0,2.0
True,50.0,0.0,50.0,378.0,2.0,61.0
False,18.0,0.0,16.0,134.0,2.0,18.0
False,6.0,4.0,2.0,157.0,1.0,27.0
False,1.0,0.0,1.0,10.0,1.0,1.0
False,8.0,0.0,8.0,45.0,3.0,10.0
False,2.0,0.0,0.0,22.0,1.0,4.0
False,2.0,0.0,2.0,366.0,1.0,49.0
False,3.0,0.0,3.0,36.0,4.0,3.0
False,2.0,1.0,1.0,55.0,1.0,7.0
False,3.0,0.0,3.0,54.0,1.0,2.0
True,3.0,0.0,2.0,46.0,1.0,5.0
False,6.0,1.0,5.0,35.0,2.0,6.0
False,7.0,0.0,7.0,10.0,0.0,0.0
False,1.0,0.0,1.0,51.0,3.0,1.0
False,2.0,0.0,2.0,11.0,3.0,2.0
False,15.0,0.0,15.0,102.0,1.0,29.0
False,7.0,0.0,7.0,38.0,1.0,7.0
False,4.0,1.0,3.0,124.0,1.0,18.0
False,5.0,0.0,5.0,113.0,1.0,13.0
False,5.0,0.0,3.0,78.0,3.0,5.0
False,6.0,0.0,2.0,69.0,3.0,8.0
False,9.0,0.0,0.0,66.0,0.0,0.0
False,10.0,2.0,8.0,364.0,2.0,50.0
False,4.0,0.0,4.0,94.0,1.0,6.0
False,24.0,19.0,0.0,415.0,1.0,66.0
False,3.0,0.0,3.0,34.0,1.0,3.0
False,2.0,1.0,1.0,17.0,1.0,2.0
False,26.0,19.0,6.0,1290.0,1.0,311.0
False,6.0,1.0,5.0,38.0,2.0,8.0
False,4.0,0.0,3.0,28.0,4.0,5.0
True,20.0,0.0,20.0,261.0,1.0,23.0
False,7.0,0.0,7.0,140.0,2.0,29.0
True,1.0,0.0,1.0,51.0,1.0,2.0
False,2.0,0.0,2.0,11.0,2.0,2.0
True,15.0,0.0,15.0,244.0,1.0,17.0
False,9.0,0.0,9.0,146.0,3.0,15.0
False,1.0,0.0,1.0,6.0,4.0,1.0
False,2.0,0.0,2.0,10.0,2.0,2.0
False,2.0,0.0,2.0,19.0,1.0,2.0
False,3.0,0.0,3.0,77.0,2.0,3.0
False,2.0,0.0,2.0,22.0,2.0,4.0
False,22.0,2.0,20.0,178.0,1.0,57.0
False,1.0,0.0,0.0,227.0,0.0,0.0
False,2.0,0.0,2.0,16.0,2.0,2.0
False,10.0,3.0,4.0,271.0,2.0,27.0
False,1.0,0.0,1.0,24.0,1.0,2.0
False,2.0,0.0,2.0,32.0,2.0,4.0
False,6.0,4.0,1.0,144.0,2.0,16.0
False,2.0,0.0,0.0,67.0,1.0,12.0
True,12.0,0.0,12.0,135.0,1.0,20.0
False,2.0,1.0,1.0,82.0,1.0,3.0
False,7.0,0.0,7.0,294.0,3.0,10.0
True,14.0,0.0,0.0,129.0,2.0,0.0
False,2.0,0.0,2.0,19.0,1.0,2.0
False,10.0,0.0,10.0,72.0,2.0,13.0
False,1.0,0.0,1.0,11.0,4.0,1.0
True,5.0,0.0,5.0,31.0,1.0,8.0
False,1.0,0.0,1.0,15.0,1.0,2.0
False,2.0,0.0,2.0,19.0,4.0,2.0
False,8.0,0.0,8.0,58.0,1.0,8.0
False,3.0,0.0,3.0,73.0,2.0,3.0
False,2.0,0.0,2.0,48.0,1.0,2.0
False,6.0,0.0,6.0,93.0,1.0,11.0
False,1.0,0.0,1.0,12.0,1.0,3.0
False,7.0,0.0,7.0,49.0,3.0,9.0
False,3.0,0.0,0.0,73.0,0.0,3.0
False,3.0,0.0,3.0,20.0,1.0,3.0
False,6.0,0.0,0.0,128.0,0.0,6.0
False,3.0,0.0,3.0,23.0,2.0,6.0
False,4.0,0.0,4.0,63.0,0.0,0.0
False,13.0,9.0,2.0,442.0,2.0,51.0
False,1.0,0.0,1.0,16.0,1.0,2.0
False,3.0,0.0,3.0,51.0,1.0,8.0
False,6.0,2.0,3.0,224.0,2.0,18.0
True,14.0,0.0,14.0,90.0,1.0,14.0
False,8.0,0.0,7.0,97.0,3.0,10.0
False,4.0,1.0,3.0,67.0,1.0,4.0
False,2.0,0.0,1.0,16.0,3.0,2.0
False,3.0,0.0,3.0,62.0,2.0,4.0
False,19.0,2.0,16.0,232.0,4.0,47.0
False,3.0,0.0,3.0,44.0,2.0,3.0
False,18.0,1.0,10.0,233.0,2.0,30.0
False,17.0,1.0,16.0,175.0,1.0,31.0
True,22.0,0.0,20.0,267.0,1.0,36.0
False,15.0,5.0,10.0,459.0,1.0,75.0
False,20.0,5.0,15.0,206.0,2.0,21.0
False,5.0,0.0,5.0,182.0,3.0,5.0
False,38.0,0.0,0.0,387.0,0.0,0.0
False,5.0,0.0,5.0,97.0,1.0,5.0
False,1.0,0.0,1.0,31.0,1.0,1.0
False,3.0,1.0,2.0,65.0,1.0,7.0
False,5.0,0.0,3.0,41.0,3.0,6.0
False,3.0,0.0,2.0,23.0,2.0,3.0
False,4.0,0.0,4.0,37.0,1.0,5.0
True,4.0,0.0,4.0,30.0,1.0,4.0
False,9.0,0.0,9.0,142.0,2.0,24.0
False,1.0,0.0,1.0,9.0,1.0,1.0
False,1.0,0.0,0.0,16.0,2.0,1.0
False,5.0,0.0,0.0,37.0,0.0,0.0
False,6.0,4.0,2.0,149.0,1.0,16.0
False,10.0,0.0,8.0,63.0,2.0,10.0
False,18.0,2.0,8.0,312.0,1.0,34.0
False,3.0,0.0,3.0,23.0,2.0,3.0
True,35.0,0.0,35.0,282.0,3.0,55.0
False,22.0,0.0,6.0,138.0,1.0,21.0
False,1.0,0.0,0.0,4.0,1.0,0.0
True,5.0,0.0,0.0,8.0,1.0,0.0
False,2.0,0.0,2.0,16.0,1.0,2.0
False,15.0,14.0,1.0,441.0,1.0,53.0
True,49.0,0.0,48.0,369.0,1.0,62.0
False,19.0,0.0,19.0,201.0,2.0,50.0
False,6.0,0.0,6.0,48.0,1.0,6.0
False,4.0,0.0,4.0,26.0,3.0,4.0
False,1.0,0.0,1.0,9.0,2.0,1.0
False,2.0,1.0,1.0,51.0,1.0,2.0
False,1.0,0.0,1.0,7.0,1.0,1.0
False,5.0,1.0,4.0,87.0,1.0,7.0
False,1.0,0.0,1.0,19.0,1.0,1.0
False,24.0,9.0,14.0,429.0,1.0,53.0
False,8.0,4.0,4.0,114.0,1.0,24.0
True,4.0,0.0,4.0,24.0,1.0,4.0
False,0.0,0.0,0.0,3.0,1.0,0.0
True,12.0,1.0,11.0,104.0,1.0,29.0
False,5.0,0.0,5.0,20.0,2.0,5.0
True,7.0,1.0,6.0,52.0,3.0,8.0
False,12.0,0.0,11.0,206.0,1.0,16.0
False,29.0,6.0,18.0,899.0,3.0,111.0
False,2.0,0.0,2.0,71.0,2.0,8.0
False,11.0,0.0,11.0,139.0,1.0,15.0
False,1.0,0.0,1.0,19.0,5.0,1.0
False,9.0,7.0,2.0,333.0,1.0,38.0
True,6.0,0.0,6.0,62.0,1.0,6.0
False,5.0,0.0,5.0,72.0,2.0,19.0
False,18.0,10.0,7.0,484.0,1.0,150.0
False,4.0,0.0,1.0,61.0,0.0,4.0
False,6.0,0.0,6.0,48.0,0.0,1.0
False,6.0,0.0,1.0,57.0,1.0,6.0
False,3.0,0.0,0.0,25.0,1.0,4.0
False,5.0,2.0,3.0,38.0,1.0,8.0
False,4.0,0.0,3.0,19.0,2.0,4.0
False,1.0,0.0,1.0,45.0,1.0,8.0
False,8.0,4.0,4.0,95.0,1.0,13.0
True,6.0,0.0,6.0,31.0,1.0,6.0
False,1.0,0.0,1.0,45.0,3.0,12.0
True,10.0,0.0,10.0,54.0,1.0,11.0
False,2.0,0.0,1.0,10.0,3.0,2.0
False,4.0,1.0,1.0,69.0,3.0,14.0
False,2.0,0.0,2.0,40.0,1.0,7.0
False,10.0,7.0,3.0,168.0,1.0,33.0
False,2.0,0.0,2.0,54.0,1.0,12.0
False,7.0,7.0,0.0,59.0,1.0,15.0
False,9.0,5.0,4.0,85.0,2.0,17.0
False,2.0,0.0,1.0,83.0,3.0,2.0
False,2.0,0.0,2.0,18.0,3.0,3.0
False,4.0,0.0,3.0,72.0,2.0,7.0
False,6.0,1.0,3.0,68.0,3.0,6.0
False,3.0,0.0,1.0,35.0,3.0,3.0
False,11.0,0.0,10.0,184.0,1.0,26.0
False,6.0,1.0,0.0,190.0,1.0,36.0
False,3.0,0.0,3.0,18.0,1.0,3.0
True,13.0,0.0,12.0,92.0,1.0,19.0
False,7.0,3.0,0.0,96.0,1.0,19.0
True,6.0,0.0,6.0,40.0,2.0,8.0
False,5.0,0.0,5.0,42.0,2.0,7.0
False,3.0,0.0,2.0,18.0,3.0,3.0
False,8.0,0.0,8.0,55.0,1.0,9.0
False,17.0,1.0,16.0,166.0,3.0,24.0
False,1.0,0.0,1.0,43.0,2.0,13.0
False,1.0,0.0,1.0,60.0,2.0,1.0
False,3.0,0.0,3.0,25.0,3.0,5.0
False,2.0,0.0,1.0,73.0,2.0,9.0
False,2.0,0.0,2.0,115.0,2.0,9.0
False,5.0,2.0,3.0,61.0,1.0,10.0
False,6.0,0.0,6.0,53.0,2.0,9.0
True,17.0,0.0,17.0,115.0,1.0,17.0
False,26.0,0.0,0.0,204.0,3.0,6.0
False,2.0,0.0,0.0,27.0,0.0,2.0
False,2.0,0.0,2.0,54.0,5.0,9.0
False,8.0,0.0,4.0,93.0,2.0,22.0
False,1.0,0.0,1.0,13.0,3.0,1.0
False,3.0,1.0,0.0,80.0,2.0,18.0
False,16.0,3.0,13.0,327.0,1.0,63.0
False,4.0,1.0,3.0,42.0,1.0,7.0
False,7.0,0.0,7.0,92.0,3.0,10.0
False,4.0,0.0,4.0,18.0,2.0,4.0
False,7.0,1.0,6.0,95.0,1.0,15.0
True,7.0,0.0,5.0,122.0,1.0,15.0
False,5.0,0.0,4.0,67.0,2.0,5.0
False,6.0,1.0,5.0,193.0,2.0,11.0
False,2.0,0.0,0.0,5.0,0.0,0.0
False,3.0,0.0,3.0,44.0,1.0,6.0
False,5.0,0.0,3.0,46.0,3.0,9.0
False,10.0,1.0,6.0,87.0,3.0,11.0
False,1.0,0.0,1.0,9.0,3.0,2.0
False,10.0,3.0,5.0,109.0,2.0,27.0
False,2.0,0.0,2.0,23.0,1.0,2.0
False,7.0,0.0,7.0,76.0,1.0,12.0
False,21.0,2.0,19.0,229.0,1.0,43.0
False,4.0,0.0,4.0,126.0,1.0,13.0
True,24.0,0.0,24.0,138.0,1.0,33.0
False,9.0,3.0,6.0,178.0,1.0,19.0
False,5.0,3.0,1.0,98.0,2.0,26.0
True,14.0,0.0,14.0,255.0,2.0,23.0
True,11.0,0.0,11.0,82.0,2.0,15.0
False,4.0,0.0,2.0,47.0,2.0,7.0
False,42.0,11.0,31.0,477.0,2.0,83.0
False,2.0,0.0,1.0,12.0,3.0,2.0
True,13.0,0.0,13.0,99.0,1.0,16.0
True,15.0,0.0,15.0,95.0,1.0,15.0
False,0.0,0.0,0.0,3.0,4.0,0.0
True,6.0,0.0,6.0,48.0,3.0,6.0
False,6.0,0.0,6.0,49.0,3.0,7.0
False,2.0,0.0,2.0,12.0,3.0,2.0
False,4.0,1.0,3.0,45.0,5.0,5.0
False,2.0,0.0,2.0,45.0,1.0,8.0
False,7.0,1.0,2.0,253.0,2.0,54.0
False,2.0,0.0,2.0,29.0,3.0,5.0
False,16.0,3.0,13.0,241.0,2.0,41.0
False,10.0,0.0,2.0,91.0,1.0,20.0
False,4.0,0.0,0.0,42.0,2.0,7.0
False,1.0,0.0,1.0,54.0,1.0,4.0
False,4.0,0.0,0.0,71.0,1.0,7.0
True,5.0,0.0,2.0,52.0,2.0,6.0
False,3.0,0.0,3.0,37.0,1.0,4.0
False,4.0,1.0,3.0,42.0,1.0,8.0
False,6.0,2.0,4.0,101.0,1.0,16.0
False,3.0,1.0,1.0,28.0,2.0,4.0
False,19.0,6.0,12.0,323.0,1.0,36.0
False,6.0,0.0,6.0,56.0,2.0,8.0
False,5.0,1.0,4.0,109.0,2.0,17.0
False,2.0,0.0,2.0,42.0,2.0,3.0
True,12.0,0.0,12.0,137.0,3.0,12.0
False,7.0,0.0,7.0,77.0,2.0,6.0
False,16.0,1.0,5.0,748.0,1.0,93.0
False,6.0,0.0,5.0,184.0,2.0,33.0
False,34.0,27.0,5.0,1356.0,5.0,142.0
False,3.0,1.0,2.0,88.0,1.0,9.0
False,33.0,24.0,6.0,886.0,1.0,202.0
False,4.0,0.0,3.0,55.0,3.0,6.0
False,4.0,0.0,4.0,99.0,1.0,20.0
False,3.0,0.0,1.0,31.0,2.0,5.0
False,2.0,0.0,1.0,17.0,2.0,2.0
False,3.0,0.0,1.0,18.0,2.0,2.0
False,1.0,0.0,1.0,9.0,2.0,1.0
False,5.0,1.0,4.0,28.0,1.0,5.0
False,3.0,0.0,3.0,24.0,2.0,2.0
False,10.0,1.0,9.0,44.0,1.0,10.0
False,2.0,0.0,0.0,23.0,1.0,0.0
False,19.0,0.0,19.0,178.0,1.0,22.0
False,3.0,3.0,0.0,47.0,1.0,14.0
False,1.0,0.0,1.0,20.0,1.0,3.0
False,14.0,0.0,0.0,132.0,0.0,0.0
False,3.0,0.0,3.0,72.0,2.0,3.0
False,14.0,7.0,6.0,479.0,1.0,44.0
False,10.0,0.0,9.0,82.0,2.0,11.0
False,9.0,0.0,8.0,85.0,4.0,11.0
False,4.0,0.0,3.0,59.0,2.0,5.0
False,3.0,1.0,2.0,109.0,4.0,12.0
False,34.0,1.0,33.0,418.0,1.0,105.0
False,2.0,0.0,2.0,28.0,1.0,4.0
False,11.0,2.0,9.0,388.0,2.0,32.0
False,6.0,2.0,4.0,149.0,2.0,14.0
False,2.0,0.0,2.0,13.0,1.0,2.0
False,18.0,9.0,9.0,395.0,1.0,102.0
False,5.0,1.0,4.0,44.0,1.0,7.0
False,16.0,1.0,11.0,399.0,2.0,27.0
False,5.0,0.0,0.0,58.0,1.0,0.0
False,6.0,0.0,0.0,52.0,0.0,0.0
False,8.0,1.0,7.0,171.0,2.0,23.0
False,14.0,1.0,13.0,491.0,2.0,34.0
False,0.0,0.0,0.0,3.0,1.0,0.0
False,2.0,0.0,2.0,19.0,2.0,2.0
False,1.0,0.0,1.0,14.0,5.0,1.0
False,2.0,0.0,1.0,12.0,3.0,2.0
False,8.0,2.0,6.0,136.0,1.0,18.0
True,14.0,0.0,14.0,137.0,1.0,14.0
False,12.0,9.0,1.0,196.0,1.0,31.0
False,4.0,0.0,4.0,29.0,1.0,4.0
False,15.0,0.0,8.0,208.0,7.0,16.0
False,11.0,0.0,6.0,137.0,2.0,14.0
False,2.0,0.0,1.0,35.0,3.0,4.0
False,2.0,0.0,1.0,75.0,6.0,2.0
False,0.0,0.0,0.0,12.0,3.0,0.0
False,1.0,0.0,1.0,13.0,1.0,1.0
False,1.0,0.0,0.0,13.0,8.0,1.0
False,7.0,0.0,7.0,104.0,2.0,8.0
False,18.0,0.0,17.0,212.0,2.0,20.0
False,3.0,0.0,1.0,85.0,9.0,3.0
False,7.0,0.0,6.0,86.0,3.0,8.0
False,1.0,0.0,1.0,21.0,0.0,0.0
False,3.0,0.0,3.0,32.0,2.0,3.0
False,2.0,0.0,0.0,57.0,1.0,6.0
False,3.0,0.0,3.0,50.0,2.0,5.0
False,4.0,0.0,4.0,35.0,3.0,5.0
True,7.0,0.0,7.0,37.0,1.0,7.0
False,1.0,0.0,1.0,260.0,2.0,1.0
False,4.0,0.0,4.0,10.0,0.0,0.0
False,7.0,0.0,7.0,119.0,3.0,11.0
False,13.0,0.0,13.0,226.0,1.0,22.0
False,3.0,0.0,3.0,22.0,2.0,3.0
False,2.0,0.0,2.0,27.0,2.0,2.0
False,1.0,0.0,1.0,36.0,4.0,3.0
False,24.0,3.0,21.0,420.0,1.0,69.0
True,13.0,0.0,12.0,102.0,1.0,21.0
False,6.0,0.0,6.0,233.0,2.0,11.0
False,9.0,0.0,9.0,91.0,1.0,27.0
True,4.0,0.0,4.0,21.0,1.0,4.0
False,5.0,0.0,1.0,80.0,4.0,13.0
False,13.0,0.0,13.0,68.0,2.0,13.0
False,7.0,0.0,4.0,101.0,1.0,14.0
False,1.0,0.0,0.0,30.0,1.0,0.0
False,2.0,0.0,0.0,21.0,1.0,0.0
False,0.0,0.0,0.0,3.0,1.0,0.0
True,2.0,0.0,2.0,12.0,1.0,2.0
False,0.0,0.0,0.0,2.0,2.0,0.0
False,4.0,2.0,2.0,40.0,1.0,4.0
False,2.0,0.0,1.0,14.0,2.0,2.0
False,46.0,11.0,35.0,980.0,1.0,224.0
False,1.0,0.0,0.0,11.0,1.0,1.0
False,18.0,1.0,5.0,79.0,2.0,18.0
False,9.0,8.0,1.0,185.0,2.0,29.0
False,4.0,0.0,4.0,30.0,4.0,4.0
False,1.0,0.0,0.0,9.0,0.0,0.0
False,5.0,1.0,4.0,99.0,1.0,13.0
True,9.0,0.0,7.0,159.0,3.0,16.0
False,0.0,0.0,0.0,789.0,0.0,0.0
False,11.0,0.0,8.0,151.0,2.0,15.0
False,2.0,0.0,2.0,96.0,2.0,4.0
False,4.0,1.0,3.0,87.0,2.0,7.0
False,5.0,2.0,3.0,105.0,1.0,16.0
False,3.0,0.0,3.0,42.0,2.0,4.0
False,1.0,0.0,1.0,109.0,1.0,1.0
False,2.0,0.0,2.0,29.0,2.0,2.0
False,14.0,0.0,11.0,225.0,3.0,21.0
False,13.0,0.0,12.0,126.0,1.0,19.0
False,8.0,0.0,8.0,35.0,2.0,1.0
True,24.0,4.0,20.0,333.0,1.0,51.0
False,11.0,0.0,11.0,243.0,1.0,15.0
False,2.0,0.0,0.0,41.0,2.0,4.0
False,22.0,11.0,10.0,1250.0,1.0,177.0
False,20.0,1.0,18.0,288.0,1.0,32.0
False,5.0,0.0,5.0,30.0,2.0,5.0
False,5.0,0.0,5.0,34.0,0.0,0.0
False,2.0,0.0,2.0,27.0,1.0,4.0
True,8.0,1.0,6.0,137.0,2.0,16.0
False,4.0,0.0,0.0,30.0,0.0,0.0
False,22.0,1.0,1.0,265.0,2.0,24.0
False,6.0,0.0,6.0,110.0,3.0,22.0
True,5.0,1.0,4.0,210.0,2.0,21.0
True,30.0,0.0,27.0,329.0,2.0,65.0
False,3.0,0.0,3.0,53.0,2.0,3.0
False,1.0,0.0,1.0,64.0,2.0,7.0
False,4.0,0.0,4.0,40.0,1.0,7.0
False,4.0,1.0,3.0,92.0,2.0,10.0
True,9.0,0.0,9.0,108.0,1.0,9.0
False,5.0,0.0,5.0,75.0,1.0,5.0
False,34.0,0.0,0.0,87.0,0.0,0.0
False,2.0,0.0,2.0,33.0,2.0,6.0
False,3.0,0.0,3.0,21.0,2.0,3.0
True,4.0,0.0,4.0,24.0,1.0,3.0
False,20.0,1.0,19.0,154.0,1.0,28.0
False,6.0,0.0,0.0,79.0,2.0,0.0
False,8.0,0.0,6.0,307.0,4.0,23.0
False,3.0,0.0,3.0,64.0,4.0,3.0
False,4.0,0.0,3.0,96.0,4.0,6.0
False,9.0,0.0,8.0,155.0,1.0,14.0
False,2.0,0.0,2.0,14.0,1.0,2.0
False,3.0,0.0,3.0,41.0,1.0,8.0
False,10.0,0.0,0.0,140.0,4.0,0.0
False,10.0,0.0,0.0,110.0,2.0,0.0
False,26.0,0.0,26.0,307.0,2.0,47.0
False,3.0,0.0,2.0,55.0,5.0,9.0
False,3.0,0.0,3.0,69.0,4.0,4.0
False,7.0,0.0,6.0,55.0,4.0,7.0
False,5.0,1.0,4.0,66.0,3.0,15.0
False,3.0,0.0,3.0,35.0,3.0,3.0
False,1.0,0.0,1.0,7.0,2.0,1.0
False,28.0,12.0,16.0,225.0,2.0,29.0
False,1.0,0.0,1.0,10.0,2.0,1.0
False,5.0,1.0,4.0,53.0,1.0,9.0
False,7.0,0.0,7.0,51.0,1.0,8.0
False,12.0,9.0,3.0,137.0,1.0,26.0
True,2.0,0.0,2.0,10.0,1.0,2.0
False,8.0,0.0,3.0,76.0,1.0,20.0
False,1.0,0.0,1.0,25.0,2.0,1.0
False,6.0,0.0,6.0,30.0,3.0,6.0
False,3.0,0.0,1.0,81.0,3.0,3.0
False,13.0,0.0,13.0,70.0,1.0,14.0
False,10.0,7.0,3.0,108.0,1.0,37.0
False,3.0,0.0,2.0,46.0,3.0,4.0
False,7.0,0.0,6.0,49.0,1.0,10.0
False,8.0,0.0,1.0,289.0,1.0,43.0
True,6.0,0.0,6.0,32.0,1.0,6.0
False,1.0,0.0,0.0,3.0,1.0,0.0
False,8.0,0.0,0.0,25.0,1.0,0.0
False,6.0,0.0,0.0,13.0,0.0,0.0
False,4.0,1.0,2.0,65.0,3.0,12.0
False,3.0,0.0,3.0,31.0,3.0,3.0
True,11.0,0.0,11.0,83.0,1.0,12.0
True,4.0,0.0,3.0,30.0,2.0,4.0
False,9.0,0.0,9.0,63.0,1.0,9.0
False,2.0,0.0,2.0,873.0,1.0,6.0
False,7.0,0.0,6.0,37.0,3.0,1.0
False,5.0,0.0,5.0,68.0,2.0,7.0
False,18.0,3.0,14.0,247.0,2.0,25.0
True,7.0,1.0,6.0,95.0,1.0,7.0
False,14.0,2.0,10.0,137.0,2.0,20.0
False,1.0,0.0,0.0,15.0,1.0,2.0
True,12.0,0.0,12.0,81.0,1.0,16.0
False,2.0,0.0,1.0,49.0,1.0,5.0
True,7.0,0.0,7.0,46.0,1.0,8.0
True,8.0,0.0,8.0,51.0,2.0,8.0
False,3.0,0.0,3.0,24.0,3.0,5.0
True,19.0,0.0,18.0,191.0,1.0,35.0
False,1.0,0.0,1.0,21.0,1.0,1.0
False,0.0,0.0,0.0,5.0,0.0,0.0
False,5.0,1.0,4.0,30.0,1.0,5.0
False,5.0,0.0,4.0,34.0,1.0,5.0
False,2.0,1.0,1.0,18.0,1.0,2.0
False,1.0,0.0,1.0,10.0,1.0,1.0
False,2.0,1.0,1.0,18.0,1.0,3.0
False,1.0,0.0,1.0,10.0,1.0,1.0
False,2.0,0.0,2.0,16.0,2.0,3.0
False,21.0,1.0,20.0,191.0,1.0,22.0
False,11.0,0.0,5.0,137.0,2.0,12.0
False,7.0,0.0,4.0,82.0,2.0,10.0
True,7.0,0.0,5.0,82.0,2.0,4.0
False,9.0,3.0,6.0,129.0,2.0,18.0
False,33.0,5.0,28.0,328.0,4.0,57.0
False,38.0,2.0,36.0,524.0,1.0,156.0
False,23.0,0.0,17.0,350.0,2.0,31.0
False,10.0,8.0,1.0,266.0,2.0,30.0
False,6.0,4.0,1.0,89.0,1.0,14.0
False,1.0,0.0,0.0,13.0,2.0,1.0
False,7.0,1.0,5.0,120.0,1.0,9.0
False,1.0,0.0,1.0,10.0,0.0,0.0
False,17.0,1.0,10.0,321.0,3.0,43.0
False,8.0,2.0,6.0,278.0,1.0,40.0
False,0.0,0.0,0.0,31.0,0.0,0.0
False,2.0,0.0,2.0,10.0,1.0,2.0
False,11.0,4.0,2.0,193.0,2.0,29.0
False,1.0,0.0,1.0,27.0,2.0,1.0
False,6.0,1.0,4.0,90.0,2.0,18.0
False,4.0,0.0,3.0,58.0,1.0,9.0
False,3.0,0.0,3.0,57.0,2.0,6.0
False,1.0,0.0,1.0,5.0,0.0,0.0
False,6.0,1.0,5.0,184.0,1.0,43.0
False,2.0,0.0,2.0,22.0,2.0,3.0
False,9.0,0.0,1.0,158.0,4.0,23.0
False,12.0,0.0,3.0,121.0,2.0,13.0
False,10.0,0.0,10.0,88.0,1.0,0.0
True,7.0,0.0,7.0,67.0,2.0,10.0
False,2.0,0.0,0.0,39.0,2.0,5.0
True,16.0,0.0,14.0,308.0,6.0,48.0
False,2.0,0.0,2.0,165.0,3.0,30.0
False,1.0,0.0,1.0,52.0,1.0,1.0
False,5.0,0.0,5.0,325.0,1.0,13.0
False,1.0,0.0,1.0,44.0,1.0,1.0
True,4.0,0.0,4.0,56.0,1.0,4.0
False,1.0,0.0,1.0,29.0,1.0,1.0
False,3.0,0.0,3.0,31.0,1.0,3.0
False,2.0,1.0,0.0,12.0,3.0,2.0
False,2.0,1.0,1.0,17.0,1.0,5.0
False,3.0,1.0,2.0,150.0,1.0,19.0
False,21.0,0.0,21.0,294.0,2.0,41.0
False,2.0,0.0,0.0,36.0,0.0,0.0
False,5.0,0.0,3.0,70.0,2.0,4.0
False,5.0,0.0,0.0,86.0,0.0,0.0
False,1.0,0.0,1.0,84.0,2.0,10.0
False,1.0,0.0,1.0,21.0,1.0,3.0
False,5.0,0.0,4.0,97.0,6.0,5.0
False,18.0,0.0,18.0,302.0,1.0,38.0
False,3.0,0.0,3.0,155.0,1.0,3.0
False,2.0,0.0,2.0,56.0,3.0,2.0
False,1.0,0.0,1.0,17.0,2.0,1.0
False,2.0,1.0,1.0,35.0,1.0,6.0
True,2.0,0.0,2.0,20.0,1.0,2.0
True,7.0,0.0,7.0,116.0,1.0,7.0
True,4.0,0.0,4.0,50.0,1.0,4.0
False,13.0,3.0,10.0,209.0,1.0,31.0
False,9.0,8.0,0.0,153.0,3.0,20.0
True,10.0,0.0,10.0,134.0,1.0,14.0
False,7.0,0.0,5.0,135.0,3.0,8.0
True,13.0,0.0,13.0,298.0,5.0,24.0
True,4.0,0.0,4.0,76.0,1.0,4.0
False,2.0,0.0,2.0,39.0,2.0,7.0
False,3.0,1.0,2.0,228.0,1.0,17.0
False,3.0,0.0,3.0,28.0,2.0,3.0
False,24.0,2.0,22.0,871.0,1.0,94.0
False,5.0,0.0,5.0,94.0,1.0,4.0
False,17.0,0.0,17.0,325.0,5.0,17.0
False,49.0,0.0,49.0,1865.0,6.0,50.0
False,4.0,0.0,2.0,50.0,10.0,6.0
False,3.0,0.0,0.0,26.0,0.0,0.0
False,64.0,2.0,44.0,1172.0,2.0,185.0
False,4.0,0.0,1.0,23.0,2.0,8.0
False,8.0,1.0,7.0,105.0,1.0,26.0
False,24.0,14.0,9.0,952.0,1.0,213.0
False,3.0,0.0,2.0,31.0,3.0,3.0
False,10.0,6.0,3.0,175.0,4.0,24.0
False,5.0,0.0,5.0,46.0,0.0,0.0
False,3.0,0.0,3.0,70.0,1.0,6.0
False,1.0,0.0,1.0,24.0,1.0,1.0
True,34.0,2.0,32.0,485.0,3.0,62.0
False,17.0,13.0,3.0,474.0,1.0,75.0
True,3.0,0.0,2.0,46.0,1.0,6.0
True,34.0,0.0,0.0,292.0,0.0,0.0
False,3.0,0.0,3.0,43.0,1.0,4.0
False,4.0,0.0,3.0,82.0,5.0,7.0
False,9.0,0.0,9.0,196.0,1.0,9.0
False,47.0,16.0,29.0,2141.0,1.0,106.0
False,3.0,0.0,1.0,27.0,4.0,3.0
False,3.0,1.0,2.0,18.0,3.0,3.0
False,2.0,0.0,2.0,52.0,1.0,4.0
False,6.0,0.0,6.0,64.0,4.0,7.0
False,1.0,0.0,0.0,9.0,0.0,0.0
False,2.0,0.0,2.0,34.0,1.0,2.0
False,3.0,2.0,1.0,59.0,1.0,9.0
False,8.0,2.0,0.0,72.0,1.0,16.0
False,2.0,0.0,0.0,13.0,1.0,2.0
False,3.0,0.0,3.0,51.0,2.0,6.0
True,1.0,0.0,1.0,103.0,1.0,2.0
False,4.0,1.0,2.0,78.0,0.0,2.0
False,3.0,0.0,0.0,88.0,0.0,0.0
False,5.0,0.0,0.0,116.0,2.0,9.0
False,9.0,2.0,5.0,406.0,1.0,22.0
False,2.0,1.0,1.0,55.0,1.0,3.0
False,4.0,0.0,4.0,33.0,3.0,4.0
False,12.0,0.0,12.0,508.0,3.0,47.0
False,3.0,1.0,1.0,103.0,1.0,12.0
False,0.0,0.0,0.0,19.0,3.0,0.0
False,14.0,3.0,11.0,398.0,3.0,40.0
True,5.0,0.0,5.0,54.0,2.0,5.0
False,6.0,0.0,6.0,43.0,1.0,6.0
False,2.0,0.0,2.0,40.0,2.0,2.0
False,8.0,0.0,0.0,59.0,0.0,0.0
False,4.0,0.0,4.0,40.0,1.0,4.0
False,2.0,0.0,2.0,28.0,1.0,3.0
False,6.0,0.0,6.0,42.0,1.0,8.0
False,6.0,0.0,6.0,102.0,1.0,16.0
False,5.0,0.0,5.0,49.0,2.0,6.0
False,10.0,3.0,3.0,133.0,2.0,16.0
False,3.0,0.0,3.0,32.0,2.0,7.0
False,48.0,39.0,9.0,2322.0,1.0,465.0
False,1.0,0.0,1.0,14.0,1.0,1.0
False,2.0,0.0,1.0,21.0,1.0,1.0
False,2.0,0.0,2.0,28.0,1.0,4.0
False,3.0,1.0,1.0,47.0,2.0,8.0
True,17.0,0.0,15.0,346.0,2.0,47.0
False,2.0,0.0,2.0,29.0,2.0,5.0
False,5.0,0.0,5.0,44.0,1.0,5.0
False,1.0,0.0,1.0,10.0,1.0,1.0
False,5.0,0.0,3.0,34.0,2.0,4.0
False,2.0,0.0,2.0,13.0,10.0,2.0
False,0.0,0.0,0.0,2.0,9.0,0.0
False,3.0,0.0,3.0,21.0,3.0,3.0
False,8.0,0.0,8.0,74.0,2.0,8.0
False,5.0,2.0,2.0,94.0,2.0,8.0
True,11.0,0.0,11.0,49.0,2.0,11.0
True,12.0,0.0,12.0,55.0,2.0,12.0
False,1.0,0.0,0.0,13.0,4.0,0.0
False,9.0,0.0,0.0,137.0,3.0,0.0
False,1.0,0.0,0.0,33.0,1.0,1.0
False,0.0,0.0,0.0,2.0,2.0,0.0
False,6.0,0.0,5.0,104.0,2.0,11.0
False,2.0,0.0,0.0,17.0,2.0,1.0
False,3.0,1.0,2.0,55.0,2.0,5.0
False,27.0,5.0,20.0,573.0,1.0,90.0
False,4.0,0.0,2.0,63.0,1.0,10.0
False,2.0,1.0,1.0,135.0,1.0,10.0
False,4.0,0.0,4.0,23.0,1.0,4.0
False,4.0,1.0,3.0,170.0,2.0,6.0
False,4.0,0.0,4.0,102.0,1.0,31.0
False,24.0,0.0,24.0,1259.0,1.0,126.0
False,2.0,0.0,2.0,53.0,1.0,2.0
False,1.0,0.0,1.0,18.0,1.0,1.0
False,1.0,0.0,1.0,42.0,2.0,6.0
False,9.0,0.0,3.0,214.0,1.0,33.0
True,4.0,0.0,4.0,30.0,1.0,4.0
False,4.0,0.0,4.0,44.0,1.0,5.0
False,2.0,0.0,2.0,34.0,1.0,2.0
False,1.0,0.0,1.0,38.0,1.0,4.0
False,4.0,1.0,2.0,44.0,1.0,7.0
True,26.0,0.0,26.0,164.0,1.0,27.0
False,2.0,0.0,2.0,11.0,1.0,2.0
False,5.0,3.0,2.0,99.0,4.0,8.0
False,2.0,0.0,2.0,34.0,2.0,5.0
False,1.0,0.0,1.0,5.0,3.0,0.0
False,2.0,0.0,2.0,23.0,1.0,2.0
True,7.0,0.0,7.0,49.0,1.0,7.0
False,13.0,4.0,1.0,267.0,2.0,31.0
False,1.0,0.0,1.0,27.0,2.0,1.0
False,2.0,0.0,2.0,33.0,1.0,3.0
False,4.0,0.0,4.0,42.0,2.0,8.0
False,40.0,8.0,9.0,645.0,2.0,112.0
False,2.0,0.0,2.0,91.0,2.0,8.0
False,3.0,0.0,3.0,68.0,3.0,3.0
False,6.0,0.0,6.0,56.0,4.0,6.0
True,6.0,0.0,6.0,55.0,1.0,6.0
False,8.0,1.0,7.0,124.0,1.0,9.0
False,1.0,0.0,1.0,57.0,1.0,4.0
False,8.0,0.0,4.0,127.0,1.0,25.0
True,1.0,0.0,1.0,148.0,1.0,3.0
False,1.0,0.0,1.0,37.0,1.0,6.0
False,1.0,0.0,1.0,47.0,1.0,5.0
False,2.0,0.0,1.0,54.0,1.0,6.0
False,3.0,1.0,2.0,128.0,1.0,7.0
False,1.0,0.0,1.0,63.0,1.0,3.0
False,6.0,0.0,5.0,119.0,4.0,11.0
False,7.0,0.0,5.0,141.0,3.0,28.0
False,14.0,2.0,10.0,336.0,3.0,37.0
False,19.0,1.0,11.0,396.0,5.0,48.0
False,6.0,0.0,4.0,51.0,3.0,6.0
False,5.0,0.0,5.0,41.0,3.0,5.0
False,2.0,0.0,2.0,61.0,1.0,7.0
False,11.0,0.0,10.0,119.0,2.0,27.0
False,3.0,0.0,1.0,173.0,4.0,2.0
True,37.0,2.0,31.0,454.0,1.0,67.0
False,3.0,0.0,3.0,33.0,1.0,5.0
False,2.0,0.0,2.0,52.0,1.0,3.0
False,4.0,2.0,2.0,54.0,1.0,11.0
False,9.0,1.0,3.0,119.0,2.0,13.0
False,2.0,0.0,2.0,35.0,2.0,2.0
False,2.0,0.0,2.0,26.0,2.0,2.0
False,49.0,2.0,46.0,1116.0,4.0,246.0
False,8.0,5.0,2.0,418.0,1.0,44.0
False,7.0,1.0,3.0,241.0,2.0,18.0
False,4.0,0.0,3.0,140.0,3.0,8.0
False,6.0,0.0,5.0,84.0,5.0,9.0
False,2.0,0.0,2.0,15.0,2.0,2.0
False,4.0,0.0,4.0,45.0,2.0,4.0
False,9.0,0.0,9.0,117.0,1.0,11.0
False,2.0,0.0,0.0,27.0,1.0,2.0
False,2.0,0.0,2.0,15.0,0.0,0.0
True,3.0,0.0,3.0,24.0,1.0,0.0
False,2.0,0.0,2.0,58.0,3.0,2.0
False,2.0,0.0,2.0,30.0,1.0,2.0
False,4.0,3.0,1.0,133.0,2.0,16.0
False,5.0,1.0,1.0,72.0,4.0,10.0
False,11.0,1.0,7.0,157.0,1.0,19.0
False,7.0,0.0,7.0,42.0,1.0,7.0
False,6.0,0.0,3.0,182.0,3.0,12.0
False,13.0,2.0,7.0,233.0,1.0,24.0
True,9.0,0.0,7.0,163.0,2.0,20.0
False,15.0,1.0,2.0,368.0,3.0,19.0
False,15.0,0.0,14.0,440.0,3.0,64.0
False,1.0,1.0,0.0,25.0,3.0,1.0
False,4.0,0.0,4.0,99.0,4.0,8.0
False,4.0,0.0,2.0,49.0,2.0,5.0
True,18.0,1.0,17.0,241.0,3.0,33.0
False,10.0,1.0,1.0,303.0,1.0,11.0
False,16.0,1.0,15.0,162.0,1.0,26.0
False,11.0,1.0,1.0,67.0,1.0,18.0
False,8.0,0.0,8.0,93.0,2.0,12.0
False,15.0,4.0,10.0,309.0,2.0,25.0
False,9.0,0.0,9.0,100.0,0.0,0.0
False,5.0,3.0,2.0,90.0,1.0,17.0
False,4.0,0.0,4.0,57.0,1.0,4.0
False,11.0,1.0,6.0,170.0,1.0,30.0
False,7.0,0.0,2.0,141.0,2.0,8.0
False,11.0,6.0,4.0,457.0,2.0,23.0
False,4.0,0.0,3.0,75.0,5.0,10.0
False,13.0,4.0,7.0,192.0,2.0,19.0
False,14.0,6.0,1.0,462.0,3.0,28.0
False,4.0,0.0,4.0,62.0,2.0,7.0
False,14.0,0.0,11.0,185.0,1.0,34.0
False,2.0,1.0,1.0,469.0,2.0,4.0
False,17.0,0.0,17.0,543.0,1.0,74.0
False,1.0,0.0,0.0,31.0,0.0,0.0
False,4.0,0.0,4.0,49.0,1.0,15.0
False,4.0,0.0,4.0,96.0,2.0,6.0
False,9.0,0.0,3.0,305.0,3.0,32.0
True,6.0,0.0,6.0,96.0,2.0,7.0
True,11.0,0.0,11.0,126.0,1.0,8.0
False,9.0,0.0,8.0,74.0,3.0,10.0
True,8.0,0.0,8.0,74.0,3.0,9.0
False,2.0,0.0,2.0,17.0,2.0,2.0
False,2.0,0.0,2.0,25.0,8.0,4.0
True,5.0,0.0,5.0,25.0,1.0,5.0
False,3.0,1.0,1.0,59.0,1.0,9.0
False,3.0,0.0,0.0,45.0,3.0,0.0
False,1.0,0.0,0.0,9.0,2.0,1.0
False,10.0,1.0,7.0,80.0,2.0,17.0
False,7.0,0.0,5.0,65.0,2.0,12.0
False,15.0,0.0,3.0,185.0,1.0,51.0
False,4.0,0.0,4.0,42.0,5.0,8.0
False,7.0,0.0,5.0,194.0,2.0,9.0
False,8.0,0.0,8.0,35.0,2.0,8.0
False,3.0,1.0,2.0,405.0,1.0,3.0
False,20.0,0.0,20.0,69.0,8.0,20.0
False,6.0,0.0,6.0,59.0,2.0,17.0
False,2.0,0.0,2.0,33.0,1.0,4.0
False,0.0,0.0,0.0,8.0,1.0,0.0
False,3.0,0.0,0.0,49.0,2.0,0.0
False,8.0,0.0,8.0,35.0,2.0,8.0
False,1.0,0.0,1.0,11.0,2.0,1.0
False,9.0,0.0,9.0,83.0,1.0,18.0
False,7.0,0.0,7.0,39.0,4.0,7.0
False,5.0,0.0,0.0,71.0,2.0,0.0
False,33.0,0.0,33.0,183.0,2.0,35.0
False,3.0,0.0,3.0,43.0,2.0,8.0
False,5.0,0.0,5.0,17.0,1.0,5.0
False,4.0,0.0,4.0,14.0,1.0,4.0
True,9.0,0.0,7.0,172.0,3.0,16.0
False,2.0,0.0,2.0,11.0,2.0,2.0
False,1.0,0.0,1.0,8.0,1.0,1.0
False,1.0,0.0,0.0,9.0,2.0,1.0
False,6.0,0.0,6.0,20.0,1.0,6.0
False,1.0,0.0,1.0,8.0,1.0,1.0
False,10.0,0.0,9.0,401.0,2.0,25.0
False,3.0,0.0,3.0,79.0,2.0,56.0
False,1.0,0.0,1.0,10.0,3.0,1.0
False,6.0,0.0,4.0,134.0,2.0,11.0
False,5.0,0.0,5.0,17.0,1.0,5.0
True,23.0,1.0,22.0,408.0,2.0,27.0
False,16.0,0.0,16.0,50.0,1.0,16.0
True,13.0,0.0,11.0,275.0,2.0,32.0
False,1.0,0.0,1.0,5.0,2.0,1.0
False,1.0,0.0,1.0,8.0,2.0,1.0
False,1.0,0.0,1.0,27.0,1.0,2.0
False,4.0,0.0,0.0,55.0,3.0,0.0
False,1.0,1.0,0.0,9.0,3.0,1.0
False,3.0,0.0,3.0,11.0,1.0,3.0
False,1.0,0.0,0.0,56.0,0.0,0.0
True,9.0,0.0,7.0,166.0,2.0,16.0
False,3.0,0.0,3.0,43.0,3.0,8.0
False,3.0,0.0,3.0,57.0,3.0,25.0
False,13.0,0.0,0.0,186.0,2.0,26.0
False,4.0,0.0,4.0,23.0,1.0,4.0
False,9.0,0.0,3.0,86.0,2.0,17.0
False,10.0,0.0,10.0,107.0,1.0,10.0
False,10.0,0.0,8.0,229.0,2.0,26.0
False,2.0,0.0,0.0,29.0,2.0,0.0
False,3.0,0.0,3.0,59.0,2.0,26.0
True,8.0,0.0,8.0,35.0,2.0,8.0
False,6.0,0.0,6.0,28.0,2.0,6.0
True,10.0,0.0,10.0,43.0,2.0,10.0
False,13.0,0.0,11.0,484.0,2.0,30.0
False,8.0,0.0,0.0,90.0,3.0,8.0
False,33.0,1.0,32.0,464.0,1.0,98.0
True,23.0,0.0,23.0,95.0,3.0,23.0
False,3.0,0.0,3.0,508.0,2.0,132.0
False,2.0,0.0,0.0,25.0,2.0,3.0
False,2.0,0.0,2.0,38.0,1.0,2.0
False,3.0,0.0,3.0,43.0,2.0,8.0
False,18.0,12.0,4.0,452.0,2.0,61.0
False,8.0,0.0,2.0,129.0,2.0,20.0
False,18.0,0.0,0.0,629.0,2.0,0.0
False,1.0,0.0,1.0,14.0,1.0,3.0
False,2.0,0.0,1.0,44.0,3.0,12.0
False,2.0,0.0,0.0,52.0,0.0,0.0
False,31.0,0.0,31.0,204.0,1.0,40.0
False,3.0,0.0,2.0,40.0,6.0,3.0
False,34.0,16.0,11.0,629.0,2.0,148.0
False,14.0,0.0,7.0,159.0,4.0,41.0
False,8.0,0.0,8.0,44.0,4.0,11.0
False,2.0,0.0,2.0,32.0,3.0,6.0
False,2.0,0.0,2.0,16.0,3.0,2.0
False,2.0,0.0,2.0,21.0,3.0,2.0
False,2.0,0.0,2.0,28.0,4.0,4.0
False,5.0,1.0,3.0,55.0,1.0,10.0
False,8.0,2.0,1.0,75.0,1.0,20.0
False,9.0,0.0,9.0,95.0,5.0,13.0
False,0.0,0.0,0.0,3.0,1.0,0.0
False,36.0,29.0,7.0,493.0,1.0,143.0
False,13.0,1.0,4.0,125.0,2.0,22.0
False,1.0,0.0,1.0,9.0,1.0,2.0
False,4.0,0.0,1.0,41.0,2.0,7.0
False,1.0,0.0,1.0,24.0,1.0,2.0
False,19.0,8.0,0.0,350.0,1.0,77.0
True,8.0,0.0,8.0,57.0,1.0,8.0
True,1.0,0.0,0.0,10.0,0.0,0.0
False,6.0,1.0,2.0,117.0,3.0,12.0
False,2.0,1.0,1.0,23.0,2.0,2.0
False,8.0,0.0,8.0,42.0,2.0,8.0
False,12.0,3.0,0.0,126.0,2.0,20.0
False,17.0,2.0,13.0,92.0,1.0,20.0
False,17.0,8.0,8.0,169.0,1.0,60.0
False,4.0,1.0,2.0,128.0,1.0,13.0
True,8.0,0.0,8.0,49.0,1.0,9.0
False,1.0,0.0,1.0,100.0,2.0,1.0
False,3.0,0.0,0.0,17.0,0.0,0.0
False,0.0,0.0,0.0,4.0,1.0,0.0
False,3.0,0.0,3.0,66.0,2.0,3.0
False,5.0,0.0,5.0,76.0,1.0,9.0
False,18.0,0.0,18.0,232.0,3.0,18.0
False,4.0,0.0,0.0,63.0,0.0,0.0
False,3.0,0.0,3.0,45.0,1.0,4.0
False,4.0,0.0,3.0,65.0,1.0,8.0
False,2.0,0.0,2.0,19.0,2.0,5.0
False,8.0,0.0,8.0,57.0,1.0,8.0
False,6.0,0.0,5.0,42.0,1.0,5.0
False,6.0,2.0,3.0,104.0,1.0,15.0
False,9.0,0.0,8.0,113.0,1.0,2.0
False,7.0,0.0,7.0,86.0,1.0,18.0
False,2.0,0.0,0.0,10.0,4.0,2.0
False,3.0,0.0,2.0,26.0,6.0,4.0
False,11.0,0.0,0.0,147.0,0.0,0.0
False,3.0,0.0,0.0,40.0,0.0,0.0
False,3.0,0.0,3.0,21.0,3.0,3.0
False,3.0,0.0,3.0,23.0,1.0,3.0
False,3.0,1.0,2.0,28.0,4.0,5.0
False,2.0,0.0,0.0,21.0,0.0,1.0
False,3.0,0.0,0.0,27.0,0.0,0.0
False,2.0,1.0,0.0,13.0,1.0,2.0
False,2.0,1.0,1.0,22.0,1.0,2.0
False,6.0,0.0,6.0,67.0,5.0,5.0
False,6.0,2.0,4.0,370.0,2.0,26.0
False,3.0,0.0,1.0,137.0,1.0,7.0
False,4.0,0.0,1.0,57.0,5.0,5.0
False,1.0,0.0,1.0,9.0,2.0,0.0
False,14.0,8.0,3.0,193.0,2.0,33.0
False,8.0,2.0,6.0,89.0,1.0,11.0
False,7.0,1.0,6.0,71.0,2.0,10.0
True,1.0,0.0,0.0,14.0,1.0,1.0
False,7.0,0.0,7.0,47.0,1.0,7.0
True,18.0,0.0,11.0,140.0,1.0,26.0
True,7.0,0.0,5.0,91.0,1.0,10.0
False,9.0,4.0,5.0,240.0,1.0,52.0
True,8.0,0.0,8.0,62.0,3.0,8.0
False,5.0,0.0,5.0,94.0,1.0,14.0
True,4.0,0.0,4.0,23.0,1.0,4.0
True,2.0,0.0,2.0,20.0,1.0,2.0
False,1.0,0.0,1.0,20.0,1.0,1.0
False,7.0,1.0,6.0,105.0,1.0,11.0
False,3.0,0.0,2.0,20.0,1.0,3.0
False,1.0,0.0,1.0,16.0,1.0,1.0
False,27.0,19.0,2.0,478.0,1.0,56.0
False,5.0,0.0,1.0,52.0,2.0,5.0
False,1.0,0.0,0.0,5.0,0.0,0.0
False,4.0,0.0,3.0,65.0,1.0,8.0
False,1.0,0.0,0.0,9.0,0.0,0.0
False,7.0,3.0,3.0,152.0,1.0,12.0
True,4.0,1.0,2.0,32.0,1.0,5.0
False,1.0,0.0,1.0,23.0,2.0,1.0
False,5.0,0.0,5.0,69.0,1.0,5.0
False,4.0,2.0,1.0,79.0,1.0,5.0
False,13.0,4.0,8.0,124.0,1.0,25.0
True,13.0,0.0,13.0,179.0,1.0,13.0
False,2.0,0.0,2.0,16.0,1.0,3.0
False,4.0,2.0,1.0,24.0,3.0,4.0
False,5.0,0.0,4.0,55.0,1.0,11.0
False,7.0,3.0,3.0,63.0,1.0,14.0
False,1.0,0.0,0.0,10.0,0.0,0.0
False,0.0,0.0,0.0,2.0,2.0,0.0
False,6.0,2.0,4.0,97.0,1.0,12.0
False,2.0,0.0,1.0,22.0,1.0,2.0
False,2.0,0.0,2.0,136.0,1.0,24.0
False,2.0,0.0,0.0,34.0,2.0,1.0
False,9.0,0.0,9.0,42.0,1.0,9.0
False,2.0,0.0,0.0,40.0,2.0,2.0
False,2.0,0.0,2.0,10.0,2.0,2.0
False,10.0,0.0,10.0,104.0,1.0,17.0
False,2.0,0.0,2.0,12.0,1.0,2.0
False,2.0,0.0,1.0,22.0,2.0,2.0
False,5.0,1.0,0.0,359.0,1.0,6.0
False,16.0,5.0,3.0,209.0,1.0,31.0
False,2.0,0.0,2.0,99.0,1.0,4.0
False,2.0,0.0,0.0,39.0,2.0,2.0
False,10.0,1.0,9.0,109.0,2.0,10.0
False,7.0,1.0,6.0,405.0,1.0,7.0
False,3.0,0.0,0.0,291.0,0.0,2.0
False,11.0,2.0,8.0,114.0,1.0,13.0
True,0.0,0.0,0.0,11.0,1.0,0.0
True,5.0,0.0,5.0,35.0,1.0,5.0
False,21.0,6.0,9.0,725.0,1.0,120.0
False,8.0,0.0,0.0,70.0,1.0,12.0
False,6.0,0.0,3.0,59.0,1.0,5.0
False,4.0,0.0,3.0,61.0,3.0,12.0
False,3.0,0.0,3.0,18.0,1.0,3.0
False,16.0,0.0,0.0,35.0,0.0,0.0
False,3.0,0.0,3.0,56.0,1.0,12.0
False,1.0,0.0,1.0,35.0,3.0,3.0
False,4.0,0.0,4.0,172.0,1.0,31.0
False,2.0,0.0,2.0,13.0,2.0,2.0
False,10.0,3.0,6.0,260.0,3.0,40.0
False,1.0,0.0,1.0,39.0,2.0,1.0
False,3.0,0.0,2.0,32.0,6.0,3.0
False,1.0,0.0,1.0,33.0,1.0,1.0
False,3.0,0.0,3.0,29.0,6.0,3.0
False,3.0,0.0,2.0,33.0,6.0,3.0
False,3.0,1.0,2.0,63.0,1.0,13.0
False,4.0,0.0,4.0,41.0,2.0,5.0
False,1.0,0.0,1.0,32.0,3.0,1.0
True,3.0,0.0,3.0,37.0,1.0,3.0
False,10.0,1.0,4.0,181.0,2.0,25.0
True,3.0,0.0,3.0,35.0,1.0,6.0
True,9.0,0.0,8.0,90.0,1.0,29.0
False,1.0,0.0,0.0,10.0,0.0,0.0
False,8.0,0.0,6.0,92.0,3.0,13.0
True,4.0,0.0,4.0,36.0,4.0,4.0
False,1.0,0.0,0.0,25.0,2.0,3.0
False,9.0,0.0,0.0,90.0,0.0,18.0
False,8.0,0.0,8.0,51.0,1.0,8.0
False,1.0,0.0,1.0,43.0,2.0,6.0
False,1.0,0.0,1.0,30.0,1.0,1.0
False,4.0,0.0,0.0,23.0,2.0,4.0
False,6.0,0.0,6.0,184.0,1.0,16.0
False,2.0,1.0,1.0,27.0,1.0,2.0
False,5.0,0.0,1.0,45.0,1.0,5.0
True,8.0,0.0,8.0,115.0,6.0,11.0
False,7.0,1.0,4.0,83.0,2.0,14.0
False,1.0,0.0,1.0,18.0,2.0,1.0
False,2.0,0.0,2.0,18.0,2.0,2.0
False,9.0,1.0,8.0,59.0,1.0,10.0
False,6.0,0.0,4.0,83.0,1.0,13.0
False,37.0,20.0,17.0,1106.0,3.0,195.0
True,3.0,0.0,3.0,34.0,2.0,3.0
False,8.0,0.0,8.0,85.0,1.0,16.0
False,7.0,3.0,2.0,108.0,2.0,20.0
False,7.0,0.0,7.0,63.0,1.0,14.0
False,3.0,0.0,3.0,44.0,1.0,3.0
False,5.0,0.0,5.0,62.0,2.0,5.0
False,5.0,0.0,0.0,94.0,0.0,0.0
False,3.0,0.0,3.0,65.0,1.0,4.0
False,7.0,3.0,3.0,164.0,2.0,23.0
False,2.0,0.0,2.0,40.0,1.0,3.0
True,6.0,0.0,6.0,38.0,1.0,6.0
False,5.0,0.0,5.0,98.0,1.0,13.0
False,1.0,0.0,0.0,5.0,0.0,0.0
False,2.0,1.0,1.0,48.0,1.0,5.0
True,10.0,0.0,10.0,48.0,1.0,10.0
False,1.0,0.0,0.0,34.0,2.0,1.0
False,17.0,2.0,4.0,205.0,1.0,18.0
False,3.0,0.0,3.0,27.0,1.0,2.0
False,2.0,0.0,2.0,22.0,2.0,0.0
False,12.0,0.0,0.0,89.0,0.0,0.0
False,8.0,0.0,8.0,128.0,1.0,21.0
True,58.0,1.0,45.0,859.0,1.0,107.0
False,1.0,0.0,1.0,11.0,1.0,1.0
False,5.0,0.0,5.0,40.0,1.0,5.0
True,5.0,0.0,5.0,65.0,1.0,8.0
False,14.0,0.0,0.0,102.0,0.0,0.0
False,3.0,0.0,2.0,43.0,3.0,5.0
True,5.0,0.0,5.0,57.0,1.0,5.0
False,14.0,4.0,8.0,156.0,3.0,21.0
False,4.0,0.0,3.0,42.0,3.0,8.0
False,4.0,0.0,3.0,44.0,3.0,7.0
False,9.0,7.0,2.0,221.0,1.0,38.0
True,5.0,0.0,5.0,39.0,2.0,7.0
True,16.0,0.0,16.0,112.0,1.0,17.0
False,10.0,9.0,1.0,209.0,1.0,34.0
True,3.0,0.0,3.0,35.0,1.0,3.0
False,2.0,0.0,2.0,19.0,1.0,3.0
False,2.0,0.0,2.0,34.0,1.0,17.0
False,2.0,0.0,2.0,36.0,1.0,3.0
True,4.0,0.0,4.0,44.0,2.0,4.0
True,6.0,0.0,6.0,28.0,1.0,6.0
False,30.0,4.0,26.0,1130.0,3.0,100.0
False,1.0,0.0,1.0,31.0,2.0,8.0
False,0.0,0.0,0.0,3.0,1.0,0.0
False,0.0,0.0,0.0,1.0,1.0,0.0
False,6.0,0.0,3.0,206.0,2.0,18.0
False,8.0,0.0,7.0,59.0,1.0,12.0
False,5.0,0.0,2.0,261.0,2.0,11.0
False,7.0,0.0,6.0,47.0,2.0,11.0
False,6.0,2.0,2.0,38.0,2.0,6.0
False,15.0,0.0,15.0,135.0,3.0,27.0
False,38.0,2.0,33.0,1918.0,1.0,405.0
False,3.0,0.0,3.0,69.0,2.0,19.0
False,22.0,5.0,17.0,1666.0,1.0,529.0
False,61.0,37.0,24.0,1650.0,2.0,226.0
False,1.0,0.0,0.0,16.0,2.0,1.0
True,27.0,3.0,24.0,190.0,1.0,33.0
True,18.0,0.0,18.0,92.0,1.0,18.0
True,46.0,0.0,46.0,239.0,1.0,46.0
False,5.0,2.0,3.0,64.0,1.0,11.0
False,1.0,0.0,0.0,5.0,6.0,0.0
False,16.0,1.0,15.0,199.0,1.0,27.0
False,1.0,0.0,1.0,26.0,1.0,1.0
False,4.0,0.0,3.0,44.0,1.0,5.0
False,1.0,0.0,1.0,7.0,1.0,3.0
False,7.0,0.0,6.0,27.0,1.0,7.0
True,7.0,0.0,7.0,51.0,2.0,7.0
False,5.0,2.0,3.0,197.0,1.0,20.0
